epoch,time,train/box_loss,train/pose_loss,train/kobj_loss,train/cls_loss,train/dfl_loss,metrics/precision(B),metrics/recall(B),metrics/mAP50(B),metrics/mAP50-95(B),metrics/precision(P),metrics/recall(P),metrics/mAP50(P),metrics/mAP50-95(P),val/box_loss,val/pose_loss,val/kobj_loss,val/cls_loss,val/dfl_loss,lr/pg0,lr/pg1,lr/pg2
1,12.6905,4.00075,8.85796,0.698,3.85011,4.22722,0,0,0,0,0,0,0,0,4.61512,8.42116,0.6513,4.75017,4.17247,0.0005,0.0005,0.0005
2,20.0648,3.09063,6.93809,0.66828,2.25084,3.28137,0,0,0,0,0,0,0,0,4.57342,8.12982,0.6477,4.57027,4.2597,0.00101663,0.00101663,0.00101663
3,37.1512,2.50247,5.01441,0.5447,1.6218,2.53461,0.00426,0.12258,0.00254,0.00095,0.00561,0.16129,0.00327,0.00036,3.70219,6.97382,0.58854,3.81781,3.93491,0.00152984,0.00152984,0.00152984
4,48.8626,2.22452,3.74512,0.47841,1.36729,2.24581,0.33038,0.18065,0.34376,0.12624,0.76705,0.40365,0.49413,0.13426,2.27634,4.59529,0.39351,2.30146,2.58302,0.0019802,0.0019802,0.0019802
5,58.082,2.00552,3.22511,0.4753,1.28203,2.03041,0.72497,0.67742,0.7611,0.32725,0.75949,0.56774,0.6413,0.21308,1.87888,3.2626,0.26414,1.37745,1.87743,0.0019736,0.0019736,0.0019736
6,70.6503,1.86359,2.97552,0.49389,1.18802,1.91304,0.88572,0.80001,0.92407,0.45716,0.79448,0.78065,0.85802,0.34872,1.69783,2.52091,0.24574,1.08144,1.59804,0.001967,0.001967,0.001967
7,80.0885,1.75745,2.81664,0.47759,1.14,1.83242,0.73961,0.88387,0.86974,0.48501,0.71869,0.75484,0.76178,0.29962,1.50745,2.54194,0.24816,1.03066,1.51309,0.0019604,0.0019604,0.0019604
8,88.6571,1.55445,2.62248,0.46568,1.02207,1.72165,0.79469,0.92399,0.91723,0.5462,0.78334,0.88387,0.85721,0.41058,1.37918,2.05624,0.24561,0.94638,1.38016,0.0019538,0.0019538,0.0019538
9,98.127,1.51266,2.46086,0.46426,0.95833,1.64041,0.79993,0.87097,0.9208,0.54754,0.71194,0.89295,0.86091,0.4553,1.41748,2.02758,0.22649,0.92087,1.38171,0.0019472,0.0019472,0.0019472
10,109.988,1.45355,2.48815,0.45738,0.94729,1.62268,0.82436,0.9084,0.9379,0.55198,0.77055,0.90998,0.89134,0.47236,1.41029,1.99649,0.22046,0.94585,1.37615,0.0019406,0.0019406,0.0019406
11,119.459,1.42422,2.3237,0.40384,0.9034,1.57109,0.76316,0.91472,0.91926,0.56826,0.82354,0.74194,0.83336,0.44577,1.34048,1.8831,0.18641,0.87395,1.30945,0.001934,0.001934,0.001934
12,128.712,1.32415,2.28282,0.35325,0.86843,1.51083,0.80175,0.84516,0.9203,0.58517,0.74902,0.7871,0.83603,0.39989,1.27126,2.11211,0.15509,1.0044,1.2922,0.0019274,0.0019274,0.0019274
13,138.223,1.39152,2.26179,0.32429,0.88756,1.5416,0.80816,0.81935,0.87861,0.52887,0.76726,0.78065,0.81483,0.38258,1.38038,2.1267,0.14986,1.03646,1.32157,0.0019208,0.0019208,0.0019208
14,149.616,1.25882,2.22581,0.29514,0.82512,1.44266,0.81368,0.85161,0.9046,0.58973,0.79912,0.83226,0.8713,0.48674,1.2136,1.81783,0.10157,0.83669,1.25342,0.0019142,0.0019142,0.0019142
15,158.981,1.23278,2.17855,0.28733,0.79383,1.42722,0.83092,0.88779,0.90847,0.58889,0.7871,0.84516,0.80951,0.38304,1.24402,2.08541,0.08703,0.7851,1.26884,0.0019076,0.0019076,0.0019076
16,167.696,1.2236,2.13417,0.2741,0.76182,1.43812,0.78962,0.87097,0.90288,0.60613,0.74396,0.83871,0.83259,0.4764,1.22234,1.89665,0.07349,0.89423,1.2779,0.001901,0.001901,0.001901
17,177.183,1.1871,2.04231,0.26068,0.75114,1.42544,0.84464,0.8418,0.93212,0.61955,0.72764,0.87904,0.8441,0.46347,1.20569,1.83796,0.07224,0.79235,1.26187,0.0018944,0.0018944,0.0018944
18,189.432,1.17788,2.04124,0.24119,0.72215,1.37861,0.82737,0.92765,0.90926,0.61796,0.78091,0.87383,0.82857,0.44299,1.16254,1.84292,0.05309,0.96288,1.23709,0.0018878,0.0018878,0.0018878
19,198.485,1.14334,1.9981,0.24742,0.72099,1.37439,0.79057,0.8524,0.90881,0.60962,0.76485,0.88137,0.8661,0.48687,1.20351,1.69312,0.06452,0.77348,1.23488,0.0018812,0.0018812,0.0018812
20,206.289,1.09928,1.96124,0.24825,0.69165,1.35183,0.84329,0.90323,0.94094,0.65437,0.79296,0.86485,0.88525,0.5247,1.10919,1.69407,0.05218,0.7471,1.19775,0.0018746,0.0018746,0.0018746
21,215.842,1.09863,1.99775,0.24099,0.69289,1.33963,0.85679,0.92639,0.92786,0.65006,0.82288,0.90323,0.89737,0.49463,1.11658,1.78694,0.0638,0.72297,1.24536,0.001868,0.001868,0.001868
22,226.947,1.09954,1.92941,0.23701,0.68575,1.34997,0.81849,0.8728,0.89561,0.60349,0.78831,0.84087,0.83774,0.44734,1.17067,1.86133,0.06383,1.37018,1.23549,0.0018614,0.0018614,0.0018614
23,236.97,1.04405,1.9426,0.22101,0.67799,1.31453,0.83203,0.92678,0.94932,0.66999,0.81502,0.90963,0.92779,0.54301,1.08134,1.67033,0.05661,0.70953,1.17976,0.0018548,0.0018548,0.0018548
24,244.943,1.07319,1.91333,0.23224,0.6862,1.34136,0.84819,0.87742,0.92775,0.65963,0.82452,0.85161,0.88759,0.52284,1.13844,1.72901,0.04445,0.75089,1.22399,0.0018482,0.0018482,0.0018482
25,254.113,1.03792,1.90704,0.2172,0.67115,1.30609,0.83224,0.90323,0.92274,0.63173,0.79965,0.87097,0.88427,0.53949,1.14605,1.59958,0.0465,0.72835,1.21745,0.0018416,0.0018416,0.0018416
26,265.005,1.07493,1.82453,0.21656,0.67298,1.33622,0.85638,0.88387,0.92423,0.6546,0.84807,0.87742,0.91773,0.57729,1.12808,1.48965,0.05606,0.69773,1.18665,0.001835,0.001835,0.001835
27,273.633,1.02351,1.88088,0.22073,0.64208,1.29816,0.81103,0.89032,0.90906,0.63467,0.78127,0.85264,0.87358,0.51375,1.11132,1.62809,0.05351,0.73523,1.19028,0.0018284,0.0018284,0.0018284
28,283.308,1.04385,1.86215,0.21877,0.65545,1.29821,0.83983,0.91613,0.946,0.67093,0.88462,0.84088,0.9213,0.56559,1.0577,1.56978,0.05447,0.66683,1.17258,0.0018218,0.0018218,0.0018218
29,292.688,0.99406,1.76392,0.22331,0.63891,1.30644,0.8233,0.89677,0.93519,0.66945,0.78868,0.91613,0.90617,0.56552,1.05958,1.51502,0.04606,0.69751,1.19503,0.0018152,0.0018152,0.0018152
30,304.599,0.99718,1.74264,0.21411,0.63558,1.28054,0.82107,0.88813,0.89762,0.62572,0.78806,0.85806,0.85636,0.50897,1.06596,1.55698,0.04153,1.0746,1.14122,0.0018086,0.0018086,0.0018086
31,313.39,1.01464,1.75003,0.2047,0.65229,1.25929,0.89023,0.90323,0.95238,0.67055,0.87751,0.89032,0.93548,0.55632,1.07004,1.57824,0.03442,0.69231,1.16403,0.001802,0.001802,0.001802
32,323.242,1.01273,1.74839,0.20395,0.63263,1.29526,0.84045,0.88359,0.91922,0.66813,0.82817,0.87069,0.90505,0.58729,1.07135,1.49734,0.04559,0.73453,1.19438,0.0017954,0.0017954,0.0017954
33,333.218,0.99444,1.73632,0.20855,0.61378,1.26135,0.83335,0.89032,0.92073,0.65671,0.82074,0.87742,0.90732,0.54866,1.03123,1.44641,0.03744,0.73424,1.14933,0.0017888,0.0017888,0.0017888
34,344.606,0.98855,1.74977,0.20351,0.6162,1.27747,0.8821,0.90968,0.95582,0.71637,0.88383,0.88348,0.93517,0.59473,0.98353,1.42992,0.04726,0.61634,1.11964,0.0017822,0.0017822,0.0017822
35,353.778,0.93035,1.64314,0.20721,0.60475,1.25449,0.83483,0.92258,0.9357,0.66416,0.7998,0.88387,0.88177,0.51858,1.07769,1.6162,0.04164,0.83553,1.16853,0.0017756,0.0017756,0.0017756
36,362.941,0.96145,1.72681,0.20331,0.6289,1.25497,0.89549,0.92258,0.95753,0.69265,0.86284,0.89032,0.92318,0.60985,1.01755,1.4603,0.04443,0.66268,1.15143,0.001769,0.001769,0.001769
37,373.338,0.93079,1.7038,0.19743,0.59892,1.23715,0.89316,0.90323,0.95568,0.71203,0.88276,0.89032,0.94432,0.60316,0.96317,1.44587,0.03423,0.70376,1.11619,0.0017624,0.0017624,0.0017624
38,383.469,0.93896,1.70127,0.20709,0.59993,1.23947,0.90203,0.88387,0.95457,0.69964,0.87997,0.88387,0.93561,0.59734,0.94006,1.40786,0.03963,0.65476,1.10469,0.0017558,0.0017558,0.0017558
39,394.888,0.89674,1.64114,0.19397,0.5741,1.21955,0.90089,0.87968,0.9557,0.71704,0.90089,0.87968,0.95072,0.64126,1.00176,1.38775,0.03885,0.58605,1.15211,0.0017492,0.0017492,0.0017492
40,404.141,0.93034,1.69262,0.21719,0.60152,1.26411,0.93313,0.76129,0.86658,0.64153,0.91731,0.74839,0.8497,0.54734,0.98455,1.44622,0.05917,1.14804,1.1023,0.0017426,0.0017426,0.0017426
41,413.328,0.91533,1.64293,0.19916,0.57852,1.24523,0.86105,0.87742,0.93982,0.70554,0.85472,0.87097,0.94102,0.60222,1.01762,1.50227,0.07158,0.67118,1.14366,0.001736,0.001736,0.001736
42,424.58,0.88834,1.59605,0.19644,0.55538,1.21624,0.86895,0.91613,0.93859,0.69509,0.86013,0.90968,0.92926,0.54352,0.96824,1.52299,0.03873,0.6686,1.11112,0.0017294,0.0017294,0.0017294
43,434.285,0.90772,1.66665,0.19796,0.5905,1.21815,0.88589,0.92258,0.96406,0.7122,0.87284,0.90968,0.9449,0.60881,0.99596,1.44389,0.0479,0.6246,1.11712,0.0017228,0.0017228,0.0017228
44,444.33,0.85901,1.62381,0.19795,0.57061,1.19042,0.85571,0.91825,0.95859,0.71035,0.85571,0.91825,0.95868,0.63201,0.96243,1.39109,0.04699,0.60362,1.12383,0.0017162,0.0017162,0.0017162
45,452.192,0.87066,1.57245,0.1946,0.56085,1.20865,0.88532,0.89677,0.95438,0.71586,0.88532,0.89677,0.94519,0.63232,0.93813,1.3145,0.0404,0.56693,1.09736,0.0017096,0.0017096,0.0017096
46,464.17,0.86043,1.59144,0.18236,0.54495,1.16966,0.9082,0.89355,0.9615,0.70609,0.90198,0.88387,0.96013,0.64597,0.97427,1.3199,0.03843,0.61048,1.12543,0.001703,0.001703,0.001703
47,474.273,0.85236,1.54144,0.18721,0.52747,1.17334,0.85811,0.90323,0.94873,0.72322,0.85163,0.89677,0.93352,0.60629,0.93907,1.37341,0.03456,0.61918,1.10372,0.0016964,0.0016964,0.0016964
48,482.46,0.88398,1.5733,0.18126,0.56745,1.18102,0.85361,0.93548,0.95213,0.71413,0.83865,0.90539,0.91266,0.59114,0.90402,1.40244,0.03344,0.66588,1.10259,0.0016898,0.0016898,0.0016898
49,492.234,0.8902,1.54484,0.18572,0.56042,1.21019,0.88476,0.89156,0.95782,0.73337,0.88466,0.89073,0.95507,0.65294,0.9212,1.28843,0.03135,0.60115,1.09238,0.0016832,0.0016832,0.0016832
50,503.235,0.82283,1.47184,0.19139,0.5407,1.16459,0.84307,0.92903,0.95156,0.73331,0.84307,0.92903,0.94706,0.63304,0.91179,1.32812,0.04023,0.56195,1.10487,0.0016766,0.0016766,0.0016766
51,513.378,0.83209,1.4825,0.17532,0.5261,1.15839,0.84741,0.92903,0.94098,0.70739,0.82923,0.90968,0.91752,0.59194,0.95754,1.43327,0.03051,0.70757,1.11607,0.00167,0.00167,0.00167
52,521.887,0.85664,1.57374,0.18689,0.55276,1.1736,0.84338,0.90968,0.94977,0.71664,0.84338,0.90968,0.94977,0.63977,0.91444,1.31972,0.04218,0.66988,1.10768,0.0016634,0.0016634,0.0016634
53,531.359,0.85784,1.45184,0.18923,0.54027,1.17883,0.86567,0.94194,0.95963,0.7194,0.84195,0.91613,0.92105,0.58681,0.93366,1.44263,0.03568,0.9068,1.08402,0.0016568,0.0016568,0.0016568
54,541.624,0.84898,1.47661,0.18449,0.53416,1.1691,0.85208,0.94839,0.95914,0.71936,0.85208,0.94839,0.96392,0.64174,0.94075,1.30373,0.04652,0.57944,1.11046,0.0016502,0.0016502,0.0016502
55,552.204,0.84663,1.51701,0.18597,0.55505,1.18335,0.83955,0.94839,0.94648,0.70574,0.83306,0.95484,0.95563,0.63985,0.94136,1.29289,0.03625,0.62572,1.11346,0.0016436,0.0016436,0.0016436
56,561.048,0.81449,1.4608,0.18512,0.53563,1.16389,0.88284,0.92374,0.96504,0.73504,0.87092,0.91414,0.94404,0.63468,0.88322,1.34135,0.03865,0.63339,1.08743,0.001637,0.001637,0.001637
57,569.142,0.84069,1.50082,0.18073,0.53401,1.16276,0.9099,0.91213,0.96805,0.73471,0.9099,0.91213,0.96614,0.63134,0.91801,1.35901,0.03354,0.57062,1.10058,0.0016304,0.0016304,0.0016304
58,579.521,0.80611,1.47387,0.18507,0.5234,1.16373,0.93706,0.89677,0.96667,0.73485,0.93032,0.89032,0.96604,0.66029,0.94803,1.30375,0.02754,0.53942,1.09137,0.0016238,0.0016238,0.0016238
59,590.983,0.8067,1.41881,0.17588,0.52016,1.14575,0.85458,0.91613,0.95285,0.73551,0.85458,0.91613,0.95285,0.6601,0.87709,1.23775,0.03457,0.55716,1.06276,0.0016172,0.0016172,0.0016172
60,600.607,0.79943,1.39092,0.18893,0.52174,1.15195,0.91113,0.92606,0.96533,0.75575,0.91113,0.92606,0.96533,0.67618,0.85207,1.24245,0.038,0.53024,1.06713,0.0016106,0.0016106,0.0016106
61,609.741,0.80834,1.36722,0.17275,0.51597,1.14043,0.85348,0.90194,0.94108,0.72179,0.85364,0.90308,0.94487,0.63987,0.93384,1.30512,0.03767,0.59436,1.11855,0.001604,0.001604,0.001604
62,618.61,0.84261,1.45019,0.1846,0.52432,1.16493,0.89104,0.94969,0.96824,0.75871,0.88504,0.94373,0.95726,0.69133,0.85125,1.22648,0.03643,0.53462,1.07347,0.0015974,0.0015974,0.0015974
63,631.578,0.78655,1.40474,0.17029,0.50293,1.15073,0.89392,0.92903,0.96521,0.76213,0.88354,0.92997,0.96171,0.68872,0.83626,1.21083,0.03684,0.51775,1.05787,0.0015908,0.0015908,0.0015908
64,638.399,0.78817,1.3621,0.17945,0.50269,1.12638,0.89801,0.92258,0.96171,0.73895,0.88511,0.90968,0.95083,0.65576,0.87636,1.30402,0.04303,0.54511,1.06745,0.0015842,0.0015842,0.0015842
65,649.037,0.78224,1.39561,0.16934,0.5015,1.13793,0.88683,0.90968,0.96372,0.73258,0.85421,0.90968,0.93161,0.64113,0.89626,1.29713,0.02967,0.59593,1.08242,0.0015776,0.0015776,0.0015776
66,658.582,0.79893,1.36231,0.16132,0.50714,1.13321,0.82785,0.93548,0.94017,0.71246,0.81917,0.93525,0.9329,0.62487,0.89506,1.25769,0.02665,0.81126,1.06208,0.001571,0.001571,0.001571
67,669.322,0.79965,1.38301,0.1798,0.52109,1.14701,0.88741,0.92258,0.96293,0.69632,0.8666,0.90323,0.94513,0.63304,1.01893,1.39376,0.03462,0.65461,1.14917,0.0015644,0.0015644,0.0015644
68,679.025,0.80113,1.39194,0.17128,0.51215,1.1502,0.83697,0.9274,0.9522,0.73179,0.84272,0.93338,0.95552,0.63668,0.88582,1.28208,0.03379,0.54195,1.07506,0.0015578,0.0015578,0.0015578
69,688.266,0.78357,1.4049,0.16909,0.50542,1.13287,0.87134,0.91613,0.9562,0.73077,0.87134,0.91613,0.95357,0.64208,0.86687,1.27464,0.0386,0.54445,1.05998,0.0015512,0.0015512,0.0015512
70,697.864,0.76867,1.31669,0.16909,0.50163,1.11401,0.91412,0.89677,0.96509,0.7514,0.90755,0.89032,0.95359,0.66,0.85003,1.20931,0.03871,0.52021,1.05521,0.0015446,0.0015446,0.0015446
71,709.401,0.76873,1.33023,0.19033,0.50012,1.13737,0.88223,0.91825,0.96552,0.73836,0.88223,0.91825,0.96462,0.67504,0.85783,1.21164,0.03097,0.56164,1.05804,0.001538,0.001538,0.001538
72,718.788,0.75364,1.35431,0.17164,0.49969,1.12207,0.88773,0.90968,0.9527,0.73874,0.88144,0.90323,0.94703,0.67476,0.87544,1.25423,0.03636,0.55535,1.07295,0.0015314,0.0015314,0.0015314
73,728.054,0.79449,1.3685,0.17779,0.49485,1.13847,0.87734,0.93548,0.96521,0.74616,0.87129,0.92903,0.9542,0.6879,0.88383,1.21089,0.04498,0.52669,1.08033,0.0015248,0.0015248,0.0015248
74,737.554,0.79498,1.3489,0.16917,0.51344,1.1524,0.87639,0.91484,0.95594,0.74617,0.88257,0.9213,0.9623,0.67626,0.87706,1.23405,0.03458,0.54245,1.08985,0.0015182,0.0015182,0.0015182
75,749.008,0.75979,1.29228,0.15769,0.48305,1.11935,0.87715,0.92903,0.96406,0.72978,0.87085,0.92258,0.95232,0.68891,0.90467,1.1756,0.02918,0.58803,1.07115,0.0015116,0.0015116,0.0015116
76,757.452,0.75108,1.28885,0.16753,0.48576,1.10171,0.87212,0.94194,0.96157,0.75226,0.87212,0.94194,0.96157,0.68457,0.8545,1.26664,0.03455,0.51271,1.05145,0.001505,0.001505,0.001505
77,766.861,0.75729,1.29565,0.17336,0.48171,1.12226,0.85982,0.94839,0.95326,0.7315,0.87198,0.96129,0.96574,0.70879,0.89504,1.13125,0.02769,0.58715,1.07157,0.0014984,0.0014984,0.0014984
78,774.984,0.73783,1.32949,0.16488,0.4757,1.09365,0.88455,0.93922,0.96708,0.76276,0.87871,0.9348,0.96282,0.70023,0.83701,1.1449,0.03063,0.52929,1.04686,0.0014918,0.0014918,0.0014918
79,787.162,0.75333,1.26115,0.16009,0.49049,1.11242,0.89475,0.91613,0.96679,0.75242,0.88144,0.90323,0.94982,0.66691,0.85462,1.24335,0.02911,0.61157,1.06162,0.0014852,0.0014852,0.0014852
80,796.29,0.72325,1.24942,0.15859,0.47124,1.09117,0.86446,0.94194,0.964,0.74375,0.85214,0.92953,0.9446,0.66655,0.86524,1.21265,0.02375,0.60935,1.06995,0.0014786,0.0014786,0.0014786
81,805.841,0.74284,1.23187,0.16461,0.48224,1.10095,0.89979,0.91613,0.95838,0.73834,0.89979,0.91613,0.95838,0.6818,0.86285,1.17535,0.03655,0.5399,1.0647,0.001472,0.001472,0.001472
82,814.055,0.73176,1.25052,0.16026,0.47121,1.09512,0.91921,0.88093,0.95843,0.74826,0.90384,0.87742,0.95577,0.7073,0.86373,1.10924,0.02584,0.53135,1.04927,0.0014654,0.0014654,0.0014654
83,826.427,0.75135,1.22495,0.15878,0.47951,1.12105,0.8632,0.93631,0.96345,0.75429,0.85162,0.92576,0.94979,0.67143,0.85463,1.15467,0.02921,0.5714,1.05309,0.0014588,0.0014588,0.0014588
84,835.265,0.76045,1.28878,0.1654,0.4858,1.11721,0.88445,0.93826,0.96568,0.75866,0.88478,0.94127,0.96089,0.6846,0.90437,1.16335,0.02724,0.5254,1.06684,0.0014522,0.0014522,0.0014522
85,844.66,0.73516,1.18473,0.16267,0.47104,1.09512,0.86823,0.94839,0.95762,0.72685,0.85141,0.92903,0.93458,0.66588,0.87331,1.16978,0.02236,0.61527,1.0533,0.0014456,0.0014456,0.0014456
86,852.749,0.72806,1.23818,0.16436,0.4739,1.11127,0.88388,0.90968,0.96718,0.76213,0.87179,0.89677,0.95297,0.69089,0.85028,1.14513,0.0235,0.55552,1.06375,0.001439,0.001439,0.001439
87,866.492,0.72554,1.21262,0.16808,0.46724,1.11107,0.83359,0.97419,0.96577,0.76763,0.83359,0.97419,0.9644,0.70546,0.83192,1.13472,0.03064,0.48367,1.04482,0.0014324,0.0014324,0.0014324
88,876.35,0.74061,1.22183,0.15981,0.47503,1.10747,0.88463,0.90323,0.95418,0.75545,0.87832,0.89677,0.94196,0.67596,0.82566,1.14926,0.03058,0.5404,1.04595,0.0014258,0.0014258,0.0014258
89,886.918,0.72239,1.14942,0.15513,0.45855,1.08668,0.90086,0.93804,0.96821,0.77326,0.89467,0.93159,0.96598,0.70314,0.79846,1.08778,0.02638,0.49134,1.03164,0.0014192,0.0014192,0.0014192
90,895.437,0.72428,1.17215,0.15783,0.45048,1.08962,0.88805,0.95484,0.97392,0.774,0.88049,0.94839,0.96487,0.69426,0.79473,1.12388,0.02783,0.54226,1.03448,0.0014126,0.0014126,0.0014126
91,907.428,0.73395,1.25935,0.16538,0.46224,1.08708,0.89589,0.9438,0.9659,0.76024,0.90201,0.95025,0.96929,0.69097,0.81833,1.11349,0.02768,0.54934,1.04224,0.001406,0.001406,0.001406
92,915.832,0.72341,1.18337,0.15796,0.46052,1.09574,0.88943,0.93413,0.96945,0.77722,0.87797,0.92903,0.96306,0.69161,0.79068,1.0987,0.02874,0.57146,1.02796,0.0013994,0.0013994,0.0013994
93,924.692,0.70031,1.22324,0.15509,0.46564,1.07552,0.86746,0.97117,0.97317,0.77703,0.86746,0.97117,0.97317,0.71234,0.7785,1.06984,0.02735,0.50394,1.03447,0.0013928,0.0013928,0.0013928
94,933.88,0.71239,1.1588,0.16289,0.45288,1.10078,0.92384,0.93916,0.97373,0.76859,0.91753,0.93318,0.96825,0.69893,0.79651,1.10656,0.02462,0.50941,1.03829,0.0013862,0.0013862,0.0013862
95,945.255,0.71582,1.11882,0.1597,0.45077,1.08803,0.90777,0.95249,0.97315,0.77654,0.90777,0.95249,0.97315,0.72869,0.79868,1.06399,0.0273,0.48209,1.03576,0.0013796,0.0013796,0.0013796
96,955.425,0.72326,1.17999,0.15914,0.46173,1.08503,0.87388,0.93877,0.96873,0.76732,0.87388,0.93877,0.96873,0.70854,0.82378,1.09594,0.02405,0.59834,1.02956,0.001373,0.001373,0.001373
97,964.831,0.68208,1.12326,0.15592,0.43773,1.06968,0.8701,0.91613,0.95029,0.76837,0.86625,0.91613,0.94841,0.71274,0.77275,1.01047,0.03004,0.50698,1.00986,0.0013664,0.0013664,0.0013664
98,974.354,0.67648,1.14813,0.15246,0.43845,1.06265,0.91578,0.92258,0.97084,0.78486,0.91578,0.92258,0.97077,0.72897,0.77376,1.03253,0.02715,0.54741,1.00095,0.0013598,0.0013598,0.0013598
99,986.419,0.6905,1.14786,0.15178,0.44577,1.06362,0.87853,0.93326,0.96001,0.7947,0.87253,0.92742,0.94255,0.72578,0.73457,1.03165,0.02608,0.47851,0.99553,0.0013532,0.0013532,0.0013532
100,995.439,0.70098,1.14132,0.16134,0.45397,1.08298,0.91717,0.94839,0.97353,0.78454,0.91082,0.94194,0.96943,0.73742,0.7867,1.04609,0.02824,0.47024,1.01869,0.0013466,0.0013466,0.0013466
101,1004.7,0.69762,1.09736,0.14861,0.44961,1.05301,0.91733,0.90323,0.96719,0.77787,0.86582,0.96774,0.96973,0.72493,0.80588,1.10663,0.03572,0.49584,1.03785,0.00134,0.00134,0.00134
102,1013.82,0.68788,1.09173,0.15214,0.44861,1.06449,0.87352,0.96129,0.96809,0.75168,0.87502,0.96129,0.96979,0.69264,0.83565,1.1236,0.01877,0.63888,1.03397,0.0013334,0.0013334,0.0013334
103,1025.36,0.71217,1.11052,0.1545,0.44881,1.08476,0.87587,0.95484,0.96055,0.75961,0.86415,0.94839,0.95644,0.70219,0.78544,1.07872,0.02413,0.57401,1.02466,0.0013268,0.0013268,0.0013268
104,1033.99,0.69127,1.0998,0.15726,0.44557,1.06329,0.92094,0.92903,0.96491,0.78047,0.91454,0.92258,0.9614,0.71155,0.78551,1.0402,0.02378,0.51557,1.01313,0.0013202,0.0013202,0.0013202
105,1043.49,0.70982,1.1509,0.15766,0.45527,1.08338,0.89386,0.92364,0.96598,0.77387,0.9001,0.93009,0.96874,0.74118,0.79574,1.01562,0.0281,0.51925,1.04022,0.0013136,0.0013136,0.0013136
106,1052.9,0.70994,1.14284,0.15261,0.45273,1.08841,0.91389,0.94194,0.97356,0.77603,0.91389,0.94194,0.97356,0.72412,0.79029,1.04003,0.0235,0.52546,1.03151,0.001307,0.001307,0.001307
107,1064.57,0.72337,1.08901,0.15134,0.45142,1.09134,0.91794,0.93818,0.95904,0.76162,0.9117,0.93261,0.95397,0.69697,0.77861,1.04802,0.02538,0.51702,1.01584,0.0013004,0.0013004,0.0013004
108,1073.97,0.68115,1.02903,0.15077,0.43049,1.06542,0.8973,0.95822,0.97067,0.77493,0.8973,0.95822,0.97067,0.72614,0.79857,0.99214,0.02575,0.50579,1.03364,0.0012938,0.0012938,0.0012938
109,1083.47,0.69182,1.06303,0.14916,0.43611,1.05978,0.91709,0.92772,0.97257,0.7758,0.91709,0.92772,0.97257,0.72353,0.78281,1.04251,0.03025,0.5109,1.03793,0.0012872,0.0012872,0.0012872
110,1092.55,0.65783,1.09184,0.15781,0.43329,1.06577,0.89146,0.93548,0.96804,0.77385,0.89146,0.93548,0.96804,0.72618,0.75387,1.00648,0.02498,0.57515,1.00605,0.0012806,0.0012806,0.0012806
111,1104.67,0.67882,1.10997,0.15925,0.44638,1.07826,0.91086,0.94194,0.97227,0.77746,0.91086,0.94194,0.97227,0.72743,0.79282,1.00636,0.02456,0.47449,1.01502,0.001274,0.001274,0.001274
112,1114.17,0.69083,1.09566,0.14665,0.44548,1.06165,0.87625,0.95484,0.97067,0.78471,0.87625,0.95484,0.97067,0.73779,0.7514,0.99389,0.0206,0.52158,0.99674,0.0012674,0.0012674,0.0012674
113,1123.45,0.67686,1.07228,0.14943,0.4331,1.07021,0.87529,0.95093,0.96584,0.77552,0.87529,0.95093,0.96584,0.72522,0.75749,1.024,0.02817,0.5323,1.0253,0.0012608,0.0012608,0.0012608
114,1132.84,0.68202,1.08403,0.15042,0.43467,1.04818,0.85837,0.96774,0.96494,0.77262,0.86409,0.97419,0.96877,0.73995,0.79361,1.01571,0.02834,0.47238,1.02095,0.0012542,0.0012542,0.0012542
115,1143.26,0.66535,1.07153,0.14731,0.43158,1.05634,0.88095,0.90708,0.95518,0.76493,0.88326,0.91613,0.96384,0.70992,0.81649,1.07661,0.02207,0.57956,1.03902,0.0012476,0.0012476,0.0012476
116,1151.96,0.67597,1.04573,0.1514,0.43185,1.06456,0.89058,0.94194,0.96858,0.76542,0.89668,0.94839,0.97276,0.74394,0.80791,0.9746,0.02295,0.54891,1.04251,0.001241,0.001241,0.001241
117,1161.51,0.66319,1.03201,0.14631,0.43596,1.05211,0.89109,0.89677,0.95771,0.76097,0.8975,0.90323,0.96017,0.72346,0.78813,1.01538,0.02198,0.50991,1.02719,0.0012344,0.0012344,0.0012344
118,1169.2,0.66659,1.0048,0.15196,0.4276,1.05959,0.92652,0.89677,0.96403,0.76685,0.92105,0.9032,0.96558,0.74055,0.82164,1.0001,0.02358,0.49084,1.05408,0.0012278,0.0012278,0.0012278
119,1181.23,0.67244,1.06306,0.15176,0.43226,1.06397,0.92861,0.92311,0.97344,0.79082,0.92861,0.92311,0.97344,0.74913,0.77855,0.96841,0.02747,0.46068,1.01922,0.0012212,0.0012212,0.0012212
120,1190.18,0.66425,1.04737,0.15157,0.42954,1.0575,0.92842,0.95484,0.97527,0.7867,0.92842,0.95484,0.97527,0.74634,0.79109,1.00785,0.02383,0.46762,1.02362,0.0012146,0.0012146,0.0012146
121,1200.27,0.65958,1.04478,0.15092,0.4234,1.05334,0.88803,0.93548,0.96804,0.77468,0.88803,0.93548,0.96849,0.73426,0.76983,1.00105,0.03234,0.47966,1.02952,0.001208,0.001208,0.001208
122,1209.53,0.65825,1.00892,0.14659,0.42307,1.06149,0.89587,0.91613,0.96613,0.77338,0.88307,0.92903,0.96381,0.72391,0.77962,1.01255,0.02247,0.55972,1.0393,0.0012014,0.0012014,0.0012014
123,1221.6,0.63792,0.96908,0.14937,0.41063,1.04887,0.914,0.94194,0.9733,0.79436,0.914,0.94194,0.9733,0.74072,0.73596,0.94385,0.01993,0.4643,1.01104,0.0011948,0.0011948,0.0011948
124,1230.74,0.66256,1.00399,0.15726,0.4262,1.0658,0.91201,0.93623,0.97204,0.77648,0.9183,0.94269,0.97574,0.73998,0.7715,0.96444,0.02104,0.50793,1.02662,0.0011882,0.0011882,0.0011882
125,1240.12,0.67121,1.01983,0.14648,0.42957,1.07664,0.88313,0.95484,0.97484,0.78482,0.8891,0.96129,0.9768,0.73177,0.74571,1.01076,0.01814,0.58597,0.99906,0.0011816,0.0011816,0.0011816
126,1249.07,0.6557,0.9988,0.15009,0.42428,1.05439,0.86173,0.96502,0.97023,0.7814,0.86745,0.97106,0.972,0.72786,0.77915,0.96733,0.02132,0.51625,1.01785,0.001175,0.001175,0.001175
127,1260.09,0.65033,1.0025,0.14333,0.41737,1.05062,0.95381,0.89677,0.97025,0.80587,0.88553,0.97419,0.9727,0.76067,0.75583,0.97654,0.02669,0.48235,1.0128,0.0011684,0.0011684,0.0011684
128,1274.39,0.65507,1.05373,0.14473,0.42328,1.05004,0.89604,0.92903,0.97142,0.7742,0.90144,0.93548,0.9742,0.74115,0.78589,0.96955,0.02111,0.52765,1.0233,0.0011618,0.0011618,0.0011618
129,1288.15,0.6521,1.03468,0.14733,0.4222,1.06274,0.88303,0.92903,0.96616,0.7846,0.87475,0.94626,0.96841,0.73728,0.7582,0.93552,0.01815,0.56063,1.01126,0.0011552,0.0011552,0.0011552
130,1300.55,0.63375,1.00473,0.14941,0.41342,1.03799,0.85884,0.94839,0.96602,0.79187,0.85884,0.94839,0.9599,0.73625,0.74822,0.99444,0.02229,0.47084,1.01451,0.0011486,0.0011486,0.0011486
131,1311.22,0.65206,1.00283,0.14405,0.41636,1.03227,0.90685,0.93548,0.96302,0.77297,0.91395,0.94194,0.9723,0.76183,0.78615,0.92371,0.02142,0.46775,1.02718,0.001142,0.001142,0.001142
132,1320.37,0.63696,0.9599,0.14274,0.40851,1.03494,0.89142,0.95484,0.9683,0.78973,0.89142,0.95484,0.96434,0.76833,0.75951,0.96049,0.02823,0.49356,1.00034,0.0011354,0.0011354,0.0011354
133,1328.53,0.65346,1.00692,0.1411,0.42374,1.0474,0.87701,0.9661,0.96363,0.78219,0.88287,0.97256,0.96715,0.73363,0.759,0.96581,0.0209,0.45694,0.99812,0.0011288,0.0011288,0.0011288
134,1337.83,0.63676,0.9695,0.14514,0.41068,1.04167,0.86447,0.94651,0.9664,0.7805,0.87032,0.95257,0.96784,0.7649,0.77462,0.91404,0.02345,0.49028,1.0118,0.0011222,0.0011222,0.0011222
135,1349.56,0.66018,0.96541,0.14126,0.41528,1.03968,0.91113,0.92903,0.97128,0.78163,0.91761,0.93416,0.97437,0.75321,0.76784,0.95633,0.02172,0.50786,1.02654,0.0011156,0.0011156,0.0011156
136,1357.85,0.63809,0.98667,0.13502,0.40507,1.03541,0.92241,0.90323,0.9724,0.78976,0.92241,0.90323,0.97292,0.75467,0.73919,0.95395,0.02607,0.45408,1.01073,0.001109,0.001109,0.001109
137,1367.25,0.64124,1.01248,0.14642,0.412,1.04974,0.89842,0.90968,0.97066,0.78438,0.89842,0.90968,0.96489,0.75205,0.76711,0.93306,0.02178,0.50409,1.03938,0.0011024,0.0011024,0.0011024
138,1375.68,0.65115,0.96252,0.14769,0.4113,1.0601,0.88897,0.92983,0.96657,0.78513,0.89514,0.93628,0.96891,0.73621,0.76984,0.94748,0.02676,0.47403,1.01947,0.0010958,0.0010958,0.0010958
139,1387.73,0.62952,0.93956,0.13859,0.40042,1.03091,0.88336,0.96129,0.97149,0.77255,0.88336,0.96129,0.97149,0.75432,0.78184,0.90308,0.02503,0.5576,1.02325,0.0010892,0.0010892,0.0010892
140,1397.15,0.6377,0.93318,0.14165,0.40923,1.05001,0.90448,0.91635,0.96545,0.7697,0.91085,0.9228,0.96971,0.75289,0.7612,0.89781,0.02434,0.48862,1.01397,0.0010826,0.0010826,0.0010826
141,1406.97,0.60946,0.89219,0.13446,0.39734,1.03358,0.89271,0.96129,0.97202,0.80341,0.89893,0.96774,0.97454,0.77934,0.73295,0.89772,0.02183,0.42284,0.9892,0.001076,0.001076,0.001076
142,1416.69,0.64039,0.98397,0.13774,0.41149,1.04486,0.85868,0.96129,0.96628,0.77385,0.86445,0.96774,0.97121,0.74444,0.74915,0.91408,0.01898,0.66644,0.99512,0.0010694,0.0010694,0.0010694
143,1428.98,0.64262,0.95691,0.14567,0.40878,1.05675,0.904,0.97206,0.96821,0.77616,0.91,0.97851,0.97215,0.77368,0.78191,0.89027,0.02234,0.44193,1.02843,0.0010628,0.0010628,0.0010628
144,1437.83,0.62976,0.90378,0.14631,0.39754,1.03989,0.8964,0.96774,0.97006,0.7823,0.90238,0.97419,0.9734,0.77138,0.78211,0.88462,0.02299,0.45058,1.01218,0.0010562,0.0010562,0.0010562
145,1446.96,0.63152,0.95929,0.14615,0.39601,1.03573,0.88708,0.963,0.96217,0.7774,0.89302,0.96945,0.96555,0.75357,0.74318,0.89766,0.01992,0.46387,1.01914,0.0010496,0.0010496,0.0010496
146,1456.27,0.62819,0.94259,0.14255,0.39445,1.03525,0.95443,0.94588,0.97884,0.80335,0.95443,0.94588,0.97884,0.78907,0.72937,0.85646,0.02968,0.40533,1.01631,0.001043,0.001043,0.001043
147,1468.24,0.6269,0.97232,0.14363,0.39725,1.02782,0.90312,0.96774,0.97161,0.78667,0.90312,0.96774,0.97161,0.76397,0.73651,0.88664,0.03074,0.45706,1.01246,0.0010364,0.0010364,0.0010364
148,1476.92,0.62247,0.9195,0.14746,0.39841,1.03092,0.90631,0.92903,0.97183,0.79317,0.90631,0.92903,0.97183,0.76361,0.71453,0.88977,0.0239,0.47548,0.99909,0.0010298,0.0010298,0.0010298
149,1485.29,0.59896,0.9021,0.13135,0.38703,1.01134,0.88273,0.97126,0.97485,0.79807,0.88859,0.97772,0.97661,0.76532,0.74652,0.9071,0.02259,0.45241,1.00854,0.0010232,0.0010232,0.0010232
150,1494.17,0.63448,0.92672,0.13694,0.39697,1.03761,0.90765,0.95484,0.9672,0.77664,0.91991,0.96774,0.97808,0.77034,0.80089,0.90657,0.02186,0.46534,1.04,0.0010166,0.0010166,0.0010166
151,1505.76,0.64585,0.95901,0.14478,0.40094,1.03968,0.91699,0.95484,0.97155,0.80474,0.92319,0.96129,0.97351,0.76208,0.72814,0.90778,0.02644,0.42021,1.01119,0.00101,0.00101,0.00101
152,1514.8,0.63656,0.93921,0.1402,0.39319,1.03652,0.88779,0.96129,0.97122,0.80645,0.88454,0.96129,0.97218,0.77112,0.71626,0.89137,0.02046,0.43558,0.98652,0.0010034,0.0010034,0.0010034
153,1523.42,0.63094,0.93595,0.14727,0.38581,1.04558,0.91061,0.92903,0.97253,0.80756,0.91694,0.93548,0.97472,0.7673,0.72656,0.86876,0.02518,0.42928,0.99646,0.0009968,0.0009968,0.0009968
154,1532.52,0.60914,0.95302,0.14453,0.3965,1.03127,0.88213,0.96571,0.97263,0.79639,0.88803,0.97216,0.97419,0.75857,0.71884,0.88517,0.02318,0.53733,1.00121,0.0009902,0.0009902,0.0009902
155,1545.08,0.59758,0.89819,0.13046,0.38736,1.01947,0.90747,0.94915,0.97533,0.80141,0.90892,0.96579,0.97593,0.7583,0.72358,0.88116,0.02037,0.49845,1.00102,0.0009836,0.0009836,0.0009836
156,1553.26,0.61348,0.89156,0.13915,0.38737,1.0268,0.90816,0.96774,0.97294,0.80145,0.90816,0.96774,0.97294,0.76545,0.70188,0.86052,0.02305,0.42317,0.98295,0.000977,0.000977,0.000977
157,1561.63,0.5903,0.92501,0.14411,0.39007,1.0213,0.91695,0.96129,0.977,0.8012,0.91695,0.96129,0.977,0.77034,0.72016,0.87983,0.01901,0.45591,1.00272,0.0009704,0.0009704,0.0009704
158,1570.86,0.59745,0.8781,0.13575,0.38581,1.02387,0.91484,0.94839,0.97551,0.79454,0.91484,0.94839,0.97551,0.75234,0.70203,0.86356,0.02113,0.47772,0.99104,0.0009638,0.0009638,0.0009638
159,1583.5,0.60951,0.88336,0.14421,0.39608,1.02825,0.9124,0.94077,0.96849,0.79598,0.91894,0.95086,0.97035,0.76436,0.7169,0.87383,0.02299,0.44404,0.98776,0.0009572,0.0009572,0.0009572
160,1592.46,0.62746,0.93641,0.13711,0.39203,1.03948,0.89772,0.94839,0.97474,0.78503,0.90344,0.95484,0.97581,0.76914,0.76178,0.88649,0.01987,0.50231,1.02562,0.0009506,0.0009506,0.0009506
161,1601.81,0.6157,0.96248,0.14635,0.39768,1.04199,0.91298,0.9476,0.96795,0.79074,0.90715,0.95484,0.96951,0.75962,0.74771,0.89053,0.02441,0.43615,1.00308,0.000944,0.000944,0.000944
162,1610.68,0.61732,0.92864,0.1469,0.38853,1.03626,0.91815,0.94194,0.96932,0.80178,0.91815,0.94194,0.97064,0.76849,0.71024,0.8999,0.02126,0.43368,1.00418,0.0009374,0.0009374,0.0009374
163,1621.56,0.61548,0.9096,0.13912,0.38973,1.01858,0.92971,0.90968,0.97019,0.79683,0.92971,0.90968,0.97019,0.77066,0.70569,0.87161,0.02296,0.42361,1.00207,0.0009308,0.0009308,0.0009308
164,1630.06,0.61284,0.90505,0.12748,0.38508,1.00772,0.91367,0.94839,0.97694,0.79729,0.91367,0.94839,0.97694,0.78134,0.71908,0.84042,0.02195,0.45164,1.00182,0.0009242,0.0009242,0.0009242
165,1639.05,0.60769,0.89036,0.13598,0.39314,1.02787,0.92271,0.9242,0.97036,0.80385,0.92327,0.93153,0.97194,0.76688,0.69657,0.84069,0.02147,0.44496,0.98606,0.0009176,0.0009176,0.0009176
166,1649.26,0.60025,0.89296,0.13261,0.3849,1.01922,0.91266,0.92903,0.96837,0.80965,0.91266,0.92903,0.96864,0.77673,0.71593,0.86445,0.0192,0.42652,0.99123,0.000911,0.000911,0.000911
167,1661.18,0.61177,0.93727,0.14311,0.40054,1.019,0.91601,0.94194,0.97347,0.80018,0.91601,0.94194,0.97347,0.7802,0.74234,0.87439,0.01928,0.43477,0.99769,0.0009044,0.0009044,0.0009044
168,1670.89,0.59652,0.91552,0.13667,0.38807,1.01269,0.91958,0.92258,0.97252,0.78868,0.91958,0.92258,0.97252,0.77255,0.73055,0.84478,0.01836,0.45995,1.00968,0.0008978,0.0008978,0.0008978
169,1680.54,0.60048,0.90005,0.13667,0.38488,1.0293,0.9183,0.9427,0.97347,0.79032,0.9183,0.9427,0.97347,0.77346,0.73294,0.82818,0.01893,0.46299,1.0087,0.0008912,0.0008912,0.0008912
170,1689.09,0.61373,0.88364,0.13326,0.39304,1.02211,0.90747,0.94909,0.97292,0.79123,0.91341,0.9528,0.97427,0.78354,0.73379,0.84285,0.02441,0.42736,1.01388,0.0008846,0.0008846,0.0008846
171,1701.25,0.61337,0.87258,0.13284,0.3823,1.03974,0.92253,0.95484,0.97294,0.79968,0.92253,0.95484,0.97294,0.77219,0.71689,0.84796,0.01848,0.43802,1.01112,0.000878,0.000878,0.000878
172,1710.6,0.6172,0.9343,0.13256,0.3887,1.039,0.90605,0.96129,0.97373,0.80426,0.90605,0.96129,0.97373,0.78034,0.71223,0.85406,0.01993,0.43153,1.00022,0.0008714,0.0008714,0.0008714
173,1719.57,0.61569,0.88587,0.13569,0.39795,1.03377,0.93254,0.94839,0.97654,0.79883,0.93254,0.94839,0.97654,0.79444,0.7208,0.81375,0.02339,0.44373,0.99971,0.0008648,0.0008648,0.0008648
174,1728.59,0.60063,0.8321,0.13915,0.37846,1.01249,0.9162,0.95484,0.97402,0.80923,0.90253,0.96774,0.97482,0.79388,0.7007,0.824,0.02215,0.42284,0.98981,0.0008582,0.0008582,0.0008582
175,1740.49,0.58866,0.87425,0.13931,0.3787,1.0211,0.92348,0.93437,0.97293,0.81424,0.92986,0.94083,0.97535,0.78501,0.70326,0.86715,0.02416,0.40921,0.99506,0.0008516,0.0008516,0.0008516
176,1749.83,0.60039,0.85636,0.14021,0.38319,1.02526,0.91955,0.95484,0.97398,0.80993,0.91955,0.95484,0.97398,0.7857,0.68915,0.81616,0.021,0.42807,0.9783,0.000845,0.000845,0.000845
177,1758.52,0.60405,0.83543,0.14048,0.38705,1.0359,0.91422,0.96258,0.97512,0.81066,0.91422,0.96258,0.97512,0.78793,0.69239,0.80408,0.02124,0.4175,0.98034,0.0008384,0.0008384,0.0008384
178,1768.08,0.61496,0.8523,0.13561,0.38261,1.02713,0.9424,0.91613,0.96704,0.79734,0.9424,0.91613,0.96704,0.77943,0.71149,0.79814,0.01877,0.43268,0.98269,0.0008318,0.0008318,0.0008318
179,1779.45,0.59789,0.84756,0.13293,0.37512,1.01333,0.92108,0.95484,0.97534,0.81408,0.92108,0.95484,0.97534,0.79413,0.70413,0.80115,0.02265,0.41951,0.99154,0.0008252,0.0008252,0.0008252
180,1788.43,0.59646,0.8624,0.13583,0.38413,1.01704,0.90354,0.96774,0.97261,0.80945,0.90354,0.96774,0.97261,0.78504,0.68464,0.80805,0.01868,0.41043,0.9844,0.0008186,0.0008186,0.0008186
181,1797.11,0.56532,0.87315,0.12821,0.36532,1.00185,0.93621,0.94694,0.96905,0.80273,0.94259,0.95339,0.9722,0.76784,0.69398,0.82583,0.02092,0.45345,1.00027,0.000812,0.000812,0.000812
182,1806.85,0.57013,0.92358,0.13057,0.37124,1.00491,0.91975,0.9613,0.97809,0.80542,0.91975,0.9613,0.97809,0.76354,0.70412,0.85256,0.0202,0.4663,1.01546,0.0008054,0.0008054,0.0008054
183,1816.93,0.57832,0.87794,0.12764,0.3635,1.0032,0.90482,0.98132,0.96992,0.80105,0.90482,0.98132,0.96992,0.7795,0.70571,0.81965,0.01698,0.43527,1.00509,0.0007988,0.0007988,0.0007988
184,1827.14,0.58083,0.84695,0.13001,0.36847,1.00424,0.91842,0.94419,0.97042,0.7988,0.91842,0.94419,0.97042,0.78979,0.70008,0.80035,0.01925,0.41528,1.00281,0.0007922,0.0007922,0.0007922
185,1836.32,0.57779,0.85605,0.13599,0.36342,1.00125,0.90902,0.96129,0.97549,0.80537,0.90902,0.96129,0.97549,0.77267,0.69592,0.83143,0.01846,0.44698,0.9998,0.0007856,0.0007856,0.0007856
186,1846.14,0.57097,0.81713,0.13822,0.36325,1.01402,0.94228,0.94783,0.97397,0.80852,0.94228,0.94783,0.97397,0.77837,0.69486,0.83033,0.02118,0.4196,1.00394,0.000779,0.000779,0.000779
187,1857.3,0.57808,0.8235,0.1392,0.36974,1.01575,0.93144,0.96409,0.9769,0.79929,0.93144,0.96409,0.9769,0.78957,0.72216,0.81357,0.01949,0.43241,1.00944,0.0007724,0.0007724,0.0007724
188,1865.63,0.586,0.83111,0.14139,0.37221,1.02327,0.91344,0.95315,0.97241,0.8108,0.9195,0.95795,0.97426,0.78324,0.69969,0.84286,0.01854,0.43948,0.99016,0.0007658,0.0007658,0.0007658
189,1874.87,0.60565,0.86847,0.1395,0.37521,1.02717,0.89541,0.96774,0.96981,0.7968,0.89541,0.96774,0.96981,0.7699,0.68999,0.82857,0.02016,0.47099,0.97794,0.0007592,0.0007592,0.0007592
190,1885.47,0.57599,0.86254,0.14622,0.37649,1.02457,0.91085,0.94194,0.96953,0.79899,0.91709,0.94839,0.97133,0.78612,0.70471,0.80297,0.01963,0.43659,0.99376,0.0007526,0.0007526,0.0007526
191,1897.31,0.57095,0.83153,0.12742,0.36911,1.00626,0.89941,0.95484,0.96402,0.79953,0.89941,0.95484,0.96402,0.77112,0.69033,0.80448,0.02035,0.46845,0.98288,0.000746,0.000746,0.000746
192,1905.87,0.57881,0.86722,0.12397,0.37077,1.00058,0.90677,0.94194,0.96507,0.8062,0.91298,0.94839,0.96838,0.77715,0.68434,0.79467,0.01855,0.44063,0.97688,0.0007394,0.0007394,0.0007394
193,1915.16,0.59006,0.84209,0.13293,0.37358,1.00196,0.93052,0.95051,0.97104,0.81834,0.93684,0.95696,0.97426,0.78942,0.67702,0.77175,0.02052,0.41841,0.96399,0.0007328,0.0007328,0.0007328
194,1924.88,0.5778,0.82158,0.13672,0.36702,1.01325,0.92477,0.95167,0.97259,0.81671,0.93104,0.95812,0.97582,0.79248,0.68397,0.78852,0.01915,0.42595,0.98215,0.0007262,0.0007262,0.0007262
195,1936.45,0.56621,0.80764,0.13154,0.36084,1.00594,0.93023,0.96129,0.97234,0.80977,0.93023,0.96129,0.97234,0.79217,0.67132,0.79298,0.02045,0.39807,0.96742,0.0007196,0.0007196,0.0007196
196,1945.44,0.58213,0.87108,0.13829,0.37376,1.01178,0.91313,0.94948,0.97326,0.80937,0.91313,0.94948,0.97326,0.77678,0.66899,0.80253,0.02062,0.48904,0.98392,0.000713,0.000713,0.000713
197,1955.16,0.57125,0.84307,0.13261,0.36274,1.00611,0.9241,0.94264,0.96858,0.81118,0.9241,0.94264,0.96858,0.7788,0.6787,0.80788,0.01827,0.42033,0.97165,0.0007064,0.0007064,0.0007064
198,1964.03,0.57875,0.80097,0.13045,0.36175,1.00953,0.92793,0.91379,0.96642,0.81343,0.93448,0.92024,0.96939,0.7878,0.67743,0.78137,0.01966,0.41892,0.97464,0.0006998,0.0006998,0.0006998
199,1975.83,0.56232,0.82682,0.13244,0.36172,0.99578,0.90531,0.92903,0.96906,0.80798,0.91159,0.93548,0.97147,0.77804,0.6938,0.77392,0.0199,0.44057,0.98486,0.0006932,0.0006932,0.0006932
200,1985,0.56263,0.80891,0.13072,0.35796,1.00331,0.93583,0.94095,0.97261,0.81157,0.93583,0.94095,0.97261,0.79921,0.67407,0.76103,0.01842,0.42378,0.96458,0.0006866,0.0006866,0.0006866
201,1993.87,0.59874,0.85058,0.1331,0.36492,1.02783,0.94829,0.94644,0.97141,0.81862,0.94829,0.94644,0.97141,0.80318,0.67772,0.76987,0.02077,0.40503,0.97275,0.00068,0.00068,0.00068
202,2003.44,0.58613,0.83258,0.13001,0.3663,1.00607,0.90752,0.94965,0.9694,0.80642,0.90752,0.94965,0.9694,0.78274,0.68519,0.78867,0.01985,0.42888,0.98191,0.0006734,0.0006734,0.0006734
203,2015.1,0.55986,0.79744,0.13284,0.35701,1.01367,0.92968,0.93825,0.96498,0.81311,0.92968,0.93825,0.96498,0.79253,0.67669,0.78821,0.02168,0.40322,0.97579,0.0006668,0.0006668,0.0006668
204,2023.99,0.56497,0.80266,0.13077,0.34866,0.98783,0.93607,0.94471,0.97086,0.8089,0.93607,0.94471,0.97086,0.80006,0.68011,0.76506,0.01953,0.41106,0.97137,0.0006602,0.0006602,0.0006602
205,2033.24,0.57837,0.80031,0.1299,0.3629,0.99851,0.90643,0.95484,0.97587,0.81155,0.90643,0.95484,0.97587,0.7954,0.66351,0.77868,0.01931,0.46839,0.96419,0.0006536,0.0006536,0.0006536
206,2042.32,0.56991,0.83797,0.14279,0.36005,1.0057,0.89237,0.96774,0.97038,0.81203,0.89237,0.96774,0.97038,0.78855,0.67289,0.7659,0.01941,0.43465,0.97524,0.000647,0.000647,0.000647
207,2053.33,0.55383,0.78097,0.13254,0.34747,0.99366,0.93,0.96129,0.97374,0.80932,0.93,0.96129,0.97374,0.79497,0.68161,0.76699,0.01931,0.42573,0.97845,0.0006404,0.0006404,0.0006404
208,2062.77,0.56177,0.78109,0.13513,0.34868,1.00383,0.9036,0.96129,0.9768,0.81548,0.9036,0.96129,0.9768,0.8059,0.68403,0.76614,0.01773,0.43957,0.98031,0.0006338,0.0006338,0.0006338
209,2072.25,0.562,0.81547,0.12917,0.34957,0.99502,0.90856,0.96159,0.97666,0.8109,0.90856,0.96159,0.97666,0.78868,0.68104,0.78562,0.02067,0.42747,0.97278,0.0006272,0.0006272,0.0006272
210,2081.2,0.54678,0.75225,0.12527,0.34806,0.99393,0.87832,0.97798,0.97199,0.79106,0.88369,0.98034,0.97315,0.78056,0.69434,0.79159,0.01778,0.46315,0.99682,0.0006206,0.0006206,0.0006206
211,2092.12,0.56417,0.83571,0.13627,0.35628,1.00207,0.90056,0.94839,0.97235,0.81307,0.90056,0.94839,0.97235,0.7907,0.67754,0.77768,0.01786,0.42932,0.98049,0.000614,0.000614,0.000614
212,2101.12,0.56402,0.80381,0.12782,0.35796,1.00655,0.9132,0.95027,0.97286,0.81451,0.9132,0.95027,0.97286,0.794,0.67778,0.78348,0.01636,0.41948,0.97916,0.0006074,0.0006074,0.0006074
213,2110.08,0.57008,0.78096,0.13156,0.36036,1.00104,0.91404,0.93548,0.97209,0.81093,0.91404,0.93548,0.97209,0.7975,0.68965,0.7685,0.01801,0.41531,0.97982,0.0006008,0.0006008,0.0006008
214,2118.66,0.5522,0.78126,0.12763,0.34854,0.99548,0.91438,0.94839,0.97834,0.82121,0.91438,0.94839,0.97834,0.80838,0.67522,0.74703,0.01893,0.40683,0.97351,0.0005942,0.0005942,0.0005942
215,2131.58,0.54615,0.7664,0.1292,0.34874,0.98197,0.94036,0.93548,0.97855,0.82348,0.94036,0.93548,0.97855,0.8119,0.65992,0.74159,0.01782,0.40952,0.96333,0.0005876,0.0005876,0.0005876
216,2140.45,0.56223,0.79211,0.13272,0.34881,0.9924,0.89314,0.97062,0.97859,0.82934,0.89314,0.97062,0.97859,0.80103,0.64886,0.77239,0.01892,0.42145,0.95301,0.000581,0.000581,0.000581
217,2149.61,0.55223,0.78029,0.11891,0.35203,0.98451,0.93202,0.94839,0.98073,0.81026,0.93202,0.94839,0.98073,0.79834,0.67706,0.77714,0.02131,0.41257,0.9767,0.0005744,0.0005744,0.0005744
218,2158.58,0.53641,0.75117,0.13435,0.34165,0.98221,0.92641,0.93548,0.9753,0.81159,0.92641,0.93548,0.9753,0.79789,0.68048,0.7836,0.01727,0.40199,0.98879,0.0005678,0.0005678,0.0005678
219,2170.67,0.5664,0.77242,0.12552,0.35848,0.99968,0.88847,0.96129,0.96887,0.80511,0.88847,0.96129,0.96887,0.78864,0.67547,0.77825,0.01904,0.42005,0.9693,0.0005612,0.0005612,0.0005612
220,2179.22,0.56473,0.77738,0.13714,0.36546,1.01724,0.92499,0.94194,0.97522,0.81757,0.92478,0.95184,0.97644,0.79523,0.67324,0.78271,0.02041,0.39981,0.98114,0.0005546,0.0005546,0.0005546
221,2187.94,0.54144,0.75494,0.13624,0.34372,0.99625,0.91141,0.94194,0.97332,0.8095,0.91765,0.94839,0.97608,0.79439,0.67738,0.75983,0.01902,0.45346,0.98316,0.000548,0.000548,0.000548
222,2196.29,0.56266,0.80072,0.12925,0.35782,1.00773,0.92804,0.93548,0.97125,0.81372,0.93526,0.94194,0.97335,0.79134,0.67497,0.76089,0.01632,0.41734,0.97261,0.0005414,0.0005414,0.0005414
223,2208.06,0.53212,0.71145,0.1161,0.33568,0.98168,0.93085,0.95532,0.97697,0.81522,0.93085,0.95532,0.97697,0.80435,0.66282,0.74244,0.01625,0.40102,0.96356,0.0005348,0.0005348,0.0005348
224,2216.33,0.5446,0.723,0.11951,0.34518,0.98341,0.91405,0.94194,0.97832,0.81559,0.91405,0.94194,0.97832,0.80269,0.65533,0.74469,0.0179,0.43204,0.96064,0.0005282,0.0005282,0.0005282
225,2225.16,0.56377,0.7392,0.12618,0.34954,0.98924,0.93485,0.95484,0.9776,0.81886,0.93485,0.95484,0.9776,0.80192,0.66509,0.73974,0.01828,0.38999,0.96734,0.0005216,0.0005216,0.0005216
226,2234.9,0.55706,0.75546,0.13069,0.35634,1.00424,0.92959,0.95484,0.97486,0.8212,0.93587,0.96129,0.97629,0.80659,0.66549,0.73896,0.01823,0.38989,0.96887,0.000515,0.000515,0.000515
227,2246.92,0.55047,0.75745,0.1289,0.34147,0.98436,0.9185,0.94839,0.97382,0.81896,0.92876,0.94839,0.97608,0.80121,0.66716,0.744,0.01871,0.40236,0.97109,0.0005084,0.0005084,0.0005084
228,2254.49,0.52474,0.74726,0.12672,0.33899,0.97153,0.89647,0.94194,0.97095,0.79235,0.90261,0.94839,0.97381,0.79308,0.68676,0.75716,0.01677,0.4569,0.9809,0.0005018,0.0005018,0.0005018
229,2265.17,0.53427,0.73787,0.1255,0.34242,0.98383,0.91016,0.92903,0.97228,0.81439,0.91411,0.93548,0.97416,0.79261,0.68333,0.79156,0.01674,0.42135,0.9732,0.0004952,0.0004952,0.0004952
230,2274.63,0.53208,0.7935,0.12435,0.33906,0.98327,0.92258,0.94194,0.9723,0.81195,0.92889,0.94839,0.9747,0.79818,0.67574,0.76613,0.01716,0.44023,0.9847,0.0004886,0.0004886,0.0004886
231,2285.97,0.54137,0.75572,0.11862,0.34549,0.98202,0.92307,0.94194,0.97542,0.82033,0.92307,0.94194,0.97542,0.79875,0.66649,0.75412,0.01787,0.40605,0.97814,0.000482,0.000482,0.000482
232,2298.22,0.53633,0.74824,0.12445,0.33671,0.9748,0.94212,0.94517,0.97443,0.81415,0.94212,0.94517,0.97443,0.80679,0.66145,0.73879,0.01758,0.40512,0.97401,0.0004754,0.0004754,0.0004754
233,2310.95,0.55368,0.74305,0.13316,0.34072,0.98866,0.9373,0.94194,0.97395,0.81452,0.9373,0.94194,0.97395,0.79207,0.66392,0.73427,0.01708,0.4258,0.97884,0.0004688,0.0004688,0.0004688
234,2319.89,0.54112,0.70945,0.12211,0.33195,0.97909,0.92007,0.9654,0.97039,0.82358,0.92622,0.97185,0.9733,0.79583,0.66584,0.73996,0.01924,0.39136,0.97813,0.0004622,0.0004622,0.0004622
235,2331.73,0.53211,0.72656,0.12453,0.3259,0.97704,0.93069,0.95289,0.9762,0.82311,0.93069,0.95289,0.9762,0.79398,0.67011,0.75378,0.02044,0.41641,0.98067,0.0004556,0.0004556,0.0004556
236,2341.1,0.55232,0.75187,0.11912,0.349,0.99582,0.89931,0.97954,0.97447,0.817,0.90523,0.98599,0.97583,0.80485,0.67643,0.75792,0.01585,0.39788,0.98235,0.000449,0.000449,0.000449
237,2350.41,0.51762,0.68953,0.12695,0.33557,0.97266,0.93074,0.95375,0.97669,0.81901,0.93074,0.95375,0.97669,0.79785,0.67418,0.76822,0.01845,0.4283,0.98079,0.0004424,0.0004424,0.0004424
238,2359.61,0.53404,0.71856,0.13899,0.33422,1.00066,0.93609,0.96129,0.97685,0.82443,0.93609,0.96129,0.97685,0.80356,0.66841,0.75165,0.01666,0.38254,0.97297,0.0004358,0.0004358,0.0004358
239,2370.39,0.53596,0.68987,0.12791,0.34105,0.99169,0.9315,0.97419,0.97557,0.83169,0.9315,0.97419,0.97557,0.80399,0.65118,0.72688,0.01664,0.387,0.96781,0.0004292,0.0004292,0.0004292
240,2378.32,0.53596,0.70645,0.12323,0.3377,0.99682,0.93489,0.94839,0.97938,0.82089,0.93489,0.94839,0.97938,0.80774,0.66474,0.74062,0.01648,0.42835,0.97461,0.0004226,0.0004226,0.0004226
241,2387.12,0.53723,0.71706,0.12165,0.34023,0.98851,0.90255,0.94839,0.97613,0.81162,0.91099,0.95484,0.97862,0.79511,0.67202,0.74677,0.01776,0.43548,0.97968,0.000416,0.000416,0.000416
242,2397.3,0.54993,0.71421,0.12161,0.34343,0.99847,0.92625,0.9724,0.97796,0.81485,0.92625,0.9724,0.97796,0.79677,0.67236,0.74738,0.01635,0.40113,0.97787,0.0004094,0.0004094,0.0004094
243,2409.36,0.53762,0.71219,0.12495,0.33479,0.98994,0.91976,0.96138,0.97414,0.81801,0.91976,0.96138,0.97414,0.80228,0.65593,0.74176,0.01648,0.4084,0.97715,0.0004028,0.0004028,0.0004028
244,2418.61,0.52844,0.7138,0.12568,0.33512,0.97387,0.94207,0.94431,0.97673,0.81958,0.94207,0.94431,0.97673,0.80966,0.66356,0.74945,0.01697,0.40314,0.98031,0.0003962,0.0003962,0.0003962
245,2428.01,0.50877,0.72602,0.11591,0.32478,0.96517,0.92635,0.97381,0.97596,0.8213,0.92635,0.97381,0.97596,0.80783,0.64694,0.74333,0.01665,0.38671,0.97503,0.0003896,0.0003896,0.0003896
246,2437.23,0.51286,0.6929,0.12093,0.3297,0.97567,0.93265,0.95484,0.97852,0.82414,0.93265,0.95484,0.97852,0.81482,0.65092,0.72481,0.01699,0.39903,0.9705,0.000383,0.000383,0.000383
247,2449.91,0.5238,0.6873,0.12484,0.33249,0.97898,0.9252,0.95765,0.97852,0.82682,0.9252,0.95765,0.97852,0.8065,0.64947,0.72585,0.01718,0.39656,0.97028,0.0003764,0.0003764,0.0003764
248,2458.56,0.53174,0.75242,0.13073,0.33035,0.98306,0.93015,0.94839,0.97691,0.81497,0.93015,0.94839,0.97691,0.79356,0.65331,0.73211,0.01641,0.42721,0.9822,0.0003698,0.0003698,0.0003698
249,2468.79,0.52839,0.70105,0.12743,0.333,0.99055,0.91997,0.96774,0.979,0.83165,0.91997,0.96774,0.979,0.80975,0.64031,0.72618,0.0172,0.39206,0.98139,0.0003632,0.0003632,0.0003632
250,2477.68,0.52655,0.67926,0.12583,0.33349,0.97797,0.93562,0.93753,0.97591,0.82093,0.93562,0.93753,0.97591,0.80305,0.64233,0.74037,0.01626,0.40095,0.97241,0.0003566,0.0003566,0.0003566
251,2489.3,0.52914,0.71013,0.12493,0.3369,0.98429,0.92182,0.96774,0.97537,0.82249,0.92182,0.96774,0.97537,0.80925,0.65485,0.72168,0.01747,0.39824,0.97723,0.00035,0.00035,0.00035
252,2498.71,0.5221,0.70817,0.12274,0.33207,0.97506,0.93235,0.94839,0.97427,0.81193,0.93869,0.95484,0.97614,0.81102,0.65846,0.71311,0.01824,0.39915,0.9911,0.0003434,0.0003434,0.0003434
253,2508.03,0.54197,0.6798,0.12235,0.34096,0.99919,0.94279,0.95683,0.97783,0.81888,0.94279,0.95683,0.97783,0.81443,0.65789,0.71484,0.01719,0.38864,0.98377,0.0003368,0.0003368,0.0003368
254,2517.77,0.51696,0.71049,0.11606,0.32244,0.97108,0.94141,0.94839,0.97765,0.82517,0.94141,0.94839,0.97765,0.81652,0.65117,0.71634,0.01629,0.40574,0.97232,0.0003302,0.0003302,0.0003302
255,2528.9,0.49829,0.69843,0.12352,0.31765,0.96515,0.92881,0.94839,0.97977,0.82006,0.92881,0.94839,0.97977,0.81092,0.65246,0.71334,0.01518,0.417,0.9796,0.0003236,0.0003236,0.0003236
256,2538.8,0.5133,0.68731,0.12457,0.33341,0.96612,0.92407,0.94226,0.97804,0.82148,0.9304,0.94871,0.98005,0.81348,0.66289,0.71274,0.01619,0.41414,0.98439,0.000317,0.000317,0.000317
257,2547.57,0.5178,0.68118,0.12226,0.32526,0.9769,0.93587,0.94149,0.97728,0.8208,0.94228,0.94795,0.98087,0.81805,0.65653,0.71151,0.01775,0.41908,0.98055,0.0003104,0.0003104,0.0003104
258,2556.64,0.50582,0.72577,0.12234,0.32291,0.97172,0.92537,0.96129,0.97733,0.81897,0.92537,0.96129,0.97733,0.8204,0.65084,0.70295,0.01635,0.40055,0.97302,0.0003038,0.0003038,0.0003038
259,2568.31,0.52556,0.72651,0.12817,0.32885,1.00015,0.92751,0.94194,0.97606,0.81786,0.93429,0.94839,0.97765,0.81598,0.64691,0.69776,0.01636,0.40065,0.97026,0.0002972,0.0002972,0.0002972
260,2578,0.51744,0.67193,0.12131,0.32901,0.97878,0.94472,0.94194,0.97672,0.82369,0.95119,0.94839,0.97953,0.8223,0.64451,0.70571,0.01543,0.38868,0.97439,0.0002906,0.0002906,0.0002906
261,2586.94,0.51866,0.73591,0.11612,0.32791,0.97839,0.94005,0.94194,0.97634,0.82449,0.94649,0.94839,0.97903,0.82133,0.64628,0.7102,0.01667,0.39333,0.97759,0.000284,0.000284,0.000284
262,2596.25,0.51618,0.68994,0.11832,0.32574,0.97088,0.93235,0.94839,0.97947,0.82549,0.93235,0.94839,0.97947,0.81717,0.64932,0.70717,0.01765,0.42304,0.9794,0.0002774,0.0002774,0.0002774
263,2606.35,0.51398,0.71161,0.12,0.32639,0.97824,0.9314,0.95484,0.97998,0.83149,0.9314,0.95484,0.97998,0.81165,0.63532,0.7162,0.01764,0.41461,0.96777,0.0002708,0.0002708,0.0002708
264,2615.92,0.50471,0.68019,0.12663,0.32058,0.97477,0.93239,0.96129,0.98065,0.83337,0.93239,0.96129,0.98065,0.81878,0.63421,0.70465,0.01664,0.40701,0.9625,0.0002642,0.0002642,0.0002642
265,2625.81,0.50111,0.68318,0.11575,0.31537,0.96614,0.93885,0.96129,0.98273,0.83476,0.93885,0.96129,0.98273,0.82351,0.6409,0.71018,0.01549,0.42485,0.95951,0.0002576,0.0002576,0.0002576
266,2635.57,0.50634,0.66371,0.12425,0.31848,0.97425,0.94621,0.95484,0.97987,0.83659,0.94621,0.95484,0.97987,0.83119,0.63022,0.69226,0.01762,0.3849,0.95524,0.000251,0.000251,0.000251
267,2645.71,0.49561,0.67433,0.12083,0.31715,0.97632,0.94471,0.95484,0.98105,0.84261,0.94471,0.95484,0.98105,0.82401,0.62168,0.69035,0.01555,0.40162,0.95108,0.0002444,0.0002444,0.0002444
268,2655.85,0.50977,0.72441,0.11705,0.32551,0.97729,0.91933,0.97419,0.97718,0.83349,0.91933,0.97419,0.97718,0.82398,0.62485,0.69356,0.01596,0.3743,0.94745,0.0002378,0.0002378,0.0002378
269,2664.63,0.52357,0.68785,0.12952,0.33092,0.98601,0.94289,0.9587,0.98034,0.83997,0.94289,0.9587,0.98034,0.82055,0.62581,0.69286,0.01862,0.39651,0.94724,0.0002312,0.0002312,0.0002312
270,2673.52,0.48449,0.67783,0.11839,0.31655,0.9535,0.94251,0.96129,0.98005,0.83837,0.94251,0.96129,0.98005,0.8291,0.63377,0.68642,0.01581,0.39324,0.95006,0.0002246,0.0002246,0.0002246
271,2685.23,0.50925,0.66719,0.12357,0.31744,0.96126,0.92841,0.94839,0.97674,0.8289,0.93473,0.95484,0.97851,0.81787,0.63207,0.69751,0.01699,0.40046,0.95346,0.000218,0.000218,0.000218
272,2694.77,0.50586,0.65207,0.12442,0.31317,0.97322,0.94235,0.94905,0.97949,0.83367,0.94235,0.94905,0.97949,0.82304,0.63144,0.6991,0.01566,0.39193,0.95432,0.0002114,0.0002114,0.0002114
273,2704.07,0.50703,0.67191,0.11798,0.31344,0.96137,0.93649,0.95126,0.97974,0.8344,0.93649,0.95126,0.97974,0.81357,0.62641,0.69699,0.0158,0.39451,0.953,0.0002048,0.0002048,0.0002048
274,2713.9,0.50752,0.72379,0.11976,0.32214,0.97364,0.94217,0.94602,0.97858,0.83731,0.94217,0.94602,0.97858,0.81906,0.62912,0.69214,0.01509,0.40058,0.95462,0.0001982,0.0001982,0.0001982
275,2724.32,0.51141,0.63841,0.12262,0.3204,0.97828,0.94851,0.95073,0.9816,0.83917,0.94851,0.95073,0.9816,0.82395,0.63093,0.6842,0.01601,0.40022,0.95306,0.0001916,0.0001916,0.0001916
276,2733.71,0.49854,0.68417,0.11594,0.31815,0.96485,0.94042,0.95484,0.9812,0.83557,0.94042,0.95484,0.9812,0.82574,0.62644,0.69149,0.0147,0.42447,0.9494,0.000185,0.000185,0.000185
277,2742.89,0.47874,0.64856,0.1106,0.31174,0.9542,0.93683,0.95684,0.98158,0.84121,0.93683,0.95684,0.98158,0.82982,0.62567,0.68025,0.01514,0.42514,0.9481,0.0001784,0.0001784,0.0001784
278,2752.37,0.4837,0.67285,0.12535,0.31852,0.96091,0.92457,0.9489,0.97962,0.83385,0.92457,0.9489,0.97962,0.82742,0.62755,0.6748,0.0161,0.40503,0.94821,0.0001718,0.0001718,0.0001718
279,2764.32,0.49373,0.67653,0.11989,0.31762,0.97076,0.91848,0.94498,0.97716,0.83304,0.92475,0.95144,0.97937,0.82628,0.63515,0.67955,0.01651,0.39716,0.94862,0.0001652,0.0001652,0.0001652
280,2772.96,0.5047,0.69014,0.12516,0.31827,0.97961,0.91967,0.96017,0.97747,0.83485,0.92585,0.96662,0.97933,0.82762,0.63225,0.6797,0.01576,0.37727,0.95383,0.0001586,0.0001586,0.0001586
281,2782.92,0.49022,0.64748,0.12234,0.31583,0.96339,0.91921,0.96129,0.97822,0.8372,0.92538,0.96774,0.97982,0.82589,0.63094,0.68439,0.01603,0.38924,0.95558,0.000152,0.000152,0.000152
282,2791.98,0.49692,0.62563,0.11864,0.31496,0.98044,0.92325,0.94839,0.97667,0.8376,0.92953,0.95484,0.9784,0.82024,0.62492,0.68725,0.01508,0.40145,0.9507,0.0001454,0.0001454,0.0001454
283,2803.12,0.4951,0.65982,0.11967,0.313,0.96512,0.91323,0.95068,0.97537,0.8331,0.91941,0.95688,0.97804,0.82143,0.62694,0.68181,0.01388,0.4026,0.94749,0.0001388,0.0001388,0.0001388
284,2811.53,0.48813,0.63522,0.11222,0.31205,0.95364,0.91902,0.95187,0.97554,0.83274,0.92525,0.95833,0.97778,0.82044,0.62728,0.68345,0.01528,0.40235,0.95136,0.0001322,0.0001322,0.0001322
285,2820.05,0.50195,0.67337,0.12481,0.31873,0.96532,0.91453,0.96642,0.97658,0.8366,0.92061,0.97251,0.97905,0.82094,0.62592,0.68907,0.01611,0.39636,0.95311,0.0001256,0.0001256,0.0001256
286,2828.64,0.49973,0.64021,0.1188,0.31444,0.97887,0.91272,0.96774,0.97687,0.8359,0.91881,0.97419,0.97918,0.82196,0.62417,0.69233,0.0164,0.39188,0.95236,0.000119,0.000119,0.000119
287,2840.9,0.4932,0.6587,0.1171,0.31393,0.96047,0.91407,0.9608,0.97489,0.83222,0.92021,0.96725,0.97704,0.82019,0.62878,0.68715,0.01577,0.39777,0.9541,0.0001124,0.0001124,0.0001124
288,2849.04,0.4931,0.68862,0.12091,0.31403,0.96572,0.92434,0.96129,0.97545,0.83338,0.93054,0.96774,0.97692,0.82209,0.62929,0.68745,0.01538,0.38556,0.95658,0.0001058,0.0001058,0.0001058
289,2857.75,0.48473,0.65603,0.11996,0.3069,0.9621,0.92699,0.96129,0.97667,0.83635,0.93406,0.96774,0.97885,0.82045,0.62897,0.68787,0.01565,0.39527,0.95548,9.92e-05,9.92e-05,9.92e-05
290,2867.53,0.47935,0.67337,0.11448,0.31687,0.95679,0.92761,0.95484,0.97739,0.83315,0.93388,0.96129,0.97923,0.81999,0.62878,0.68564,0.01573,0.41472,0.95635,9.26e-05,9.26e-05,9.26e-05
291,2897.59,0.4036,0.47624,0.03451,0.28259,0.8975,0.91353,0.96129,0.97686,0.83549,0.91966,0.96774,0.97865,0.82234,0.62942,0.69461,0.01577,0.39017,0.95888,8.6e-05,8.6e-05,8.6e-05
292,2908.03,0.37427,0.4445,0.02981,0.25876,0.87026,0.91637,0.95484,0.97699,0.83669,0.92256,0.96129,0.97896,0.81693,0.63033,0.70763,0.01478,0.38725,0.96228,7.94e-05,7.94e-05,7.94e-05
293,2917.39,0.36202,0.44571,0.02636,0.25062,0.86619,0.91896,0.95105,0.97669,0.83348,0.92518,0.95727,0.9783,0.81638,0.63343,0.71429,0.01437,0.3938,0.96526,7.28e-05,7.28e-05,7.28e-05
294,2927,0.37584,0.43277,0.02793,0.26119,0.87051,0.93033,0.94768,0.97746,0.83521,0.93666,0.95413,0.97954,0.81456,0.63105,0.7186,0.01421,0.39838,0.96432,6.62e-05,6.62e-05,6.62e-05
295,2938.24,0.35908,0.44132,0.02907,0.25566,0.86044,0.92679,0.94194,0.97653,0.83216,0.93313,0.94839,0.97854,0.81581,0.62685,0.71012,0.01452,0.38601,0.96218,5.96e-05,5.96e-05,5.96e-05
296,2948.03,0.35415,0.43307,0.03324,0.24761,0.85515,0.92557,0.94194,0.97491,0.83087,0.93191,0.94839,0.97685,0.81865,0.63244,0.70995,0.01439,0.38285,0.96506,5.3e-05,5.3e-05,5.3e-05
297,2957.5,0.36355,0.43176,0.03251,0.24858,0.84881,0.9137,0.95632,0.975,0.82938,0.91986,0.96266,0.97653,0.81424,0.63371,0.70913,0.01434,0.38512,0.96666,4.64e-05,4.64e-05,4.64e-05
298,2965.79,0.35003,0.43192,0.02765,0.24466,0.85476,0.92446,0.94748,0.97371,0.8298,0.93075,0.95381,0.97572,0.8193,0.63304,0.70434,0.01435,0.37685,0.96442,3.98e-05,3.98e-05,3.98e-05
299,2976.93,0.35125,0.45802,0.02624,0.24417,0.86013,0.92462,0.94962,0.97418,0.83408,0.9309,0.95608,0.97622,0.81657,0.63082,0.70661,0.01399,0.37853,0.96437,3.32e-05,3.32e-05,3.32e-05
300,2986.41,0.35832,0.42571,0.02648,0.24282,0.86018,0.92461,0.94945,0.97492,0.83525,0.93089,0.9559,0.97663,0.81772,0.62864,0.70218,0.01366,0.37949,0.96493,2.66e-05,2.66e-05,2.66e-05
