epoch,time,train/box_loss,train/pose_loss,train/kobj_loss,train/cls_loss,train/dfl_loss,metrics/precision(B),metrics/recall(B),metrics/mAP50(B),metrics/mAP50-95(B),metrics/precision(P),metrics/recall(P),metrics/mAP50(P),metrics/mAP50-95(P),val/box_loss,val/pose_loss,val/kobj_loss,val/cls_loss,val/dfl_loss,lr/pg0,lr/pg1,lr/pg2,lr/pg3,lr/pg4,lr/pg5,lr/pg6,lr/pg7
1,15.0324,2.24926,9.11172,0.71922,3.74186,2.00183,0.57005,0.41914,0.44316,0.26545,0.05686,0.03226,0.0034,0.00034,1.50572,8.37397,0.69158,1.73739,1.32896,0.0015,0.0005,0.0015,0.0005,0.0015,0.0005,0.0015,0.0005
2,25.9656,1.16108,8.56472,0.72691,1.09739,1.20887,0.74553,0.81277,0.82011,0.5208,0.03491,0.02581,0.00228,0.00028,1.24855,7.91736,0.69483,1.11591,1.12397,0.0030499,0.00101663,0.0030499,0.00101663,0.0030499,0.00101663,0.0030499,0.00101663
3,36.3548,0.98085,7.1948,0.71705,0.71382,1.06633,0.81037,0.87097,0.89081,0.60092,0.18259,0.16129,0.04408,0.00525,1.15091,6.5726,0.6857,0.83982,1.074,0.00458951,0.00152984,0.00458951,0.00152984,0.00458951,0.00152984,0.00458951,0.00152984
4,43.2747,0.92094,5.74608,0.6987,0.64799,1.02672,0.86697,0.84096,0.93435,0.65354,0.59215,0.56129,0.44575,0.09157,1.07658,4.61741,0.66983,0.6885,1.02643,0.0059406,0.0019802,0.0059406,0.0019802,0.0059406,0.0019802,0.0059406,0.0019802
5,49.2494,0.88585,4.46065,0.68283,0.61868,1.00227,0.83619,0.88922,0.92268,0.6538,0.71322,0.60645,0.61388,0.16894,1.06237,3.70898,0.65639,0.69486,1.02234,0.0059208,0.0019736,0.0059208,0.0019736,0.0059208,0.0019736,0.0059208,0.0019736
6,57.7514,0.86315,3.69415,0.67657,0.61495,0.99006,0.87278,0.84516,0.93477,0.6585,0.82031,0.75484,0.80759,0.25285,1.07743,2.92705,0.6308,0.72319,1.01517,0.005901,0.001967,0.005901,0.001967,0.005901,0.001967,0.005901,0.001967
7,66.2091,0.84577,3.17383,0.65736,0.58967,0.97922,0.83195,0.89433,0.91482,0.64428,0.78678,0.83226,0.82512,0.3314,1.00827,2.66766,0.6064,0.86822,1.01577,0.0058812,0.0019604,0.0058812,0.0019604,0.0058812,0.0019604,0.0058812,0.0019604
8,72.7582,0.80126,2.78437,0.63763,0.55401,0.97079,0.87311,0.88786,0.93758,0.6942,0.84013,0.8137,0.86434,0.36401,0.96228,2.39681,0.56537,0.83191,0.98646,0.0058614,0.0019538,0.0058614,0.0019538,0.0058614,0.0019538,0.0058614,0.0019538
9,79.4283,0.79227,2.44527,0.61839,0.54682,0.95962,0.8432,0.92903,0.92369,0.65343,0.80716,0.89677,0.88011,0.42596,0.99338,2.08704,0.53514,0.79805,1.00381,0.0058416,0.0019472,0.0058416,0.0019472,0.0058416,0.0019472,0.0058416,0.0019472
10,93.8681,0.78917,2.35015,0.6152,0.55809,0.96782,0.85797,0.90323,0.93489,0.68264,0.82453,0.87917,0.90627,0.4866,0.97001,1.86166,0.51494,0.66338,1.00393,0.0058218,0.0019406,0.0058218,0.0019406,0.0058218,0.0019406,0.0058218,0.0019406
11,115.916,0.77465,2.15351,0.59619,0.53304,0.96252,0.90036,0.8745,0.93632,0.69531,0.86051,0.83579,0.88893,0.48449,0.93285,1.89677,0.49533,0.60343,0.99399,0.005802,0.001934,0.005802,0.001934,0.005802,0.001934,0.005802,0.001934
12,133.111,0.73786,2.04841,0.57921,0.52769,0.94667,0.90931,0.90968,0.94774,0.70989,0.87761,0.87902,0.90842,0.52922,0.92605,1.77778,0.47772,0.59168,0.97668,0.0057822,0.0019274,0.0057822,0.0019274,0.0057822,0.0019274,0.0057822,0.0019274
13,147.781,0.73593,2.00497,0.56852,0.51247,0.94689,0.89022,0.90968,0.94624,0.72963,0.86082,0.88387,0.92861,0.52936,0.89988,1.74283,0.45866,0.57106,0.98329,0.0057624,0.0019208,0.0057624,0.0019208,0.0057624,0.0019208,0.0057624,0.0019208
14,159.053,0.73246,1.92313,0.5557,0.51149,0.94006,0.89327,0.91794,0.94907,0.71792,0.88699,0.91149,0.95267,0.55721,0.90465,1.62498,0.43101,0.59819,0.9786,0.0057426,0.0019142,0.0057426,0.0019142,0.0057426,0.0019142,0.0057426,0.0019142
15,168.429,0.74538,1.88677,0.54647,0.51055,0.94929,0.89444,0.92258,0.94585,0.71293,0.86317,0.89032,0.89941,0.52254,0.93595,1.66797,0.41601,0.56597,0.983,0.0057228,0.0019076,0.0057228,0.0019076,0.0057228,0.0019076,0.0057228,0.0019076
16,176.881,0.7383,1.85939,0.541,0.49809,0.94421,0.90327,0.89032,0.95339,0.71957,0.89672,0.88387,0.95302,0.54905,0.8715,1.57826,0.39568,0.60541,0.95784,0.005703,0.001901,0.005703,0.001901,0.005703,0.001901,0.005703,0.001901
17,185.627,0.71071,1.74381,0.52724,0.49194,0.92771,0.91718,0.90968,0.95722,0.72493,0.90957,0.90323,0.94838,0.56824,0.87552,1.52601,0.37061,0.5637,0.96369,0.0056832,0.0018944,0.0056832,0.0018944,0.0056832,0.0018944,0.0056832,0.0018944
18,196.327,0.70784,1.70906,0.51146,0.48547,0.92544,0.90936,0.90323,0.96055,0.73179,0.90286,0.89677,0.95097,0.59969,0.90195,1.48131,0.35402,0.58819,0.97736,0.0056634,0.0018878,0.0056634,0.0018878,0.0056634,0.0018878,0.0056634,0.0018878
19,204.554,0.70962,1.70075,0.51297,0.48487,0.92952,0.91022,0.91574,0.96637,0.74702,0.89695,0.90968,0.95317,0.59818,0.86531,1.45114,0.33659,0.53776,0.94696,0.0056436,0.0018812,0.0056436,0.0018812,0.0056436,0.0018812,0.0056436,0.0018812
20,212.579,0.67855,1.66794,0.49741,0.47154,0.91743,0.9187,0.92258,0.96804,0.7346,0.90315,0.91613,0.94844,0.6128,0.88193,1.44294,0.31602,0.57041,0.95643,0.0056238,0.0018746,0.0056238,0.0018746,0.0056238,0.0018746,0.0056238,0.0018746
21,221.166,0.68398,1.60941,0.4938,0.47231,0.92836,0.90934,0.906,0.97032,0.75912,0.89639,0.8931,0.95164,0.63638,0.86144,1.35216,0.30548,0.52414,0.95293,0.005604,0.001868,0.005604,0.001868,0.005604,0.001868,0.005604,0.001868
22,231.431,0.68369,1.60946,0.49344,0.47365,0.92585,0.88509,0.92258,0.96515,0.74898,0.8789,0.91613,0.95157,0.63265,0.8633,1.33649,0.29217,0.58564,0.96331,0.0055842,0.0018614,0.0055842,0.0018614,0.0055842,0.0018614,0.0055842,0.0018614
23,239.861,0.67556,1.57816,0.47738,0.47364,0.926,0.90439,0.91543,0.95976,0.74986,0.90439,0.91543,0.96126,0.64452,0.82099,1.30617,0.27901,0.57843,0.94973,0.0055644,0.0018548,0.0055644,0.0018548,0.0055644,0.0018548,0.0055644,0.0018548
24,247.925,0.67361,1.51353,0.46515,0.46772,0.92985,0.91048,0.92258,0.96764,0.75883,0.8831,0.89677,0.93118,0.6134,0.82168,1.37681,0.26145,0.57662,0.93101,0.0055446,0.0018482,0.0055446,0.0018482,0.0055446,0.0018482,0.0055446,0.0018482
25,255.818,0.6729,1.50547,0.45743,0.46374,0.91792,0.92784,0.91613,0.97232,0.76882,0.92029,0.90968,0.9603,0.65757,0.83325,1.30446,0.2597,0.51526,0.94487,0.0055248,0.0018416,0.0055248,0.0018416,0.0055248,0.0018416,0.0055248,0.0018416
26,266.265,0.66885,1.45821,0.45224,0.46457,0.91348,0.89379,0.923,0.96195,0.74385,0.88131,0.91018,0.94347,0.61298,0.86159,1.422,0.25292,0.55464,0.95816,0.005505,0.001835,0.005505,0.001835,0.005505,0.001835,0.005505,0.001835
27,274.756,0.65131,1.48934,0.44457,0.44281,0.91504,0.89945,0.93548,0.96856,0.75488,0.89324,0.92903,0.95598,0.66012,0.84106,1.27838,0.23022,0.55226,0.94588,0.0054852,0.0018284,0.0054852,0.0018284,0.0054852,0.0018284,0.0054852,0.0018284
28,282.857,0.65383,1.42561,0.45196,0.46209,0.91786,0.90639,0.93699,0.97177,0.78249,0.89068,0.96129,0.97398,0.69296,0.80986,1.2245,0.22477,0.48971,0.93821,0.0054654,0.0018218,0.0054654,0.0018218,0.0054654,0.0018218,0.0054654,0.0018218
29,291.578,0.64942,1.36294,0.45288,0.44281,0.92559,0.85716,0.96789,0.95677,0.76688,0.85716,0.96789,0.96258,0.68549,0.82683,1.19084,0.2138,0.50792,0.94856,0.0054456,0.0018152,0.0054456,0.0018152,0.0054456,0.0018152,0.0054456,0.0018152
30,301.984,0.66001,1.34381,0.44221,0.44571,0.91996,0.905,0.92194,0.96714,0.7563,0.89234,0.90904,0.94677,0.626,0.81541,1.30753,0.20908,0.52486,0.9382,0.0054258,0.0018086,0.0054258,0.0018086,0.0054258,0.0018086,0.0054258,0.0018086
31,310.734,0.64832,1.34334,0.42028,0.43889,0.90794,0.89199,0.90581,0.96505,0.77205,0.873,0.88696,0.93636,0.67479,0.81327,1.21371,0.19657,0.58074,0.92967,0.005406,0.001802,0.005406,0.001802,0.005406,0.001802,0.005406,0.001802
32,319.663,0.64422,1.31852,0.42462,0.44594,0.91716,0.91625,0.92258,0.96189,0.77352,0.90381,0.90968,0.9498,0.6787,0.79063,1.21581,0.18457,0.5162,0.94342,0.0053862,0.0017954,0.0053862,0.0017954,0.0053862,0.0017954,0.0053862,0.0017954
33,330.008,0.64054,1.30718,0.4122,0.42663,0.90628,0.92925,0.89032,0.96244,0.77593,0.92252,0.88387,0.95842,0.645,0.80491,1.33747,0.18026,0.56501,0.9363,0.0053664,0.0017888,0.0053664,0.0017888,0.0053664,0.0017888,0.0053664,0.0017888
34,339.753,0.66355,1.35974,0.42809,0.44585,0.92776,0.91001,0.90323,0.96867,0.76507,0.90351,0.89677,0.96408,0.67322,0.75044,1.15474,0.16774,0.54352,0.90491,0.0053466,0.0017822,0.0053466,0.0017822,0.0053466,0.0017822,0.0053466,0.0017822
35,347.894,0.61076,1.20861,0.41422,0.4361,0.90378,0.89888,0.91765,0.96829,0.77524,0.89888,0.91765,0.97015,0.69731,0.78111,1.13859,0.16196,0.60754,0.93435,0.0053268,0.0017756,0.0053268,0.0017756,0.0053268,0.0017756,0.0053268,0.0017756
36,355.894,0.64088,1.26145,0.40806,0.43764,0.91326,0.93375,0.90936,0.95798,0.78502,0.92644,0.90323,0.95033,0.674,0.77522,1.20862,0.16519,0.55239,0.92734,0.005307,0.001769,0.005307,0.001769,0.005307,0.001769,0.005307,0.001769
37,364.207,0.63119,1.25259,0.39254,0.43371,0.90897,0.93709,0.90323,0.96791,0.78568,0.9237,0.89032,0.94681,0.68811,0.7677,1.16934,0.15721,0.50406,0.91702,0.0052872,0.0017624,0.0052872,0.0017624,0.0052872,0.0017624,0.0052872,0.0017624
38,373.463,0.62106,1.26567,0.40005,0.43343,0.90684,0.93158,0.94194,0.97028,0.78483,0.91882,0.92903,0.94957,0.69635,0.77088,1.15254,0.15664,0.49155,0.92045,0.0052674,0.0017558,0.0052674,0.0017558,0.0052674,0.0017558,0.0052674,0.0017558
39,381.54,0.62649,1.19182,0.37711,0.42827,0.90055,0.95835,0.89677,0.97176,0.7862,0.93604,0.89677,0.9577,0.68822,0.75098,1.20299,0.14963,0.47438,0.92538,0.0052476,0.0017492,0.0052476,0.0017492,0.0052476,0.0017492,0.0052476,0.0017492
40,389.321,0.60494,1.16354,0.39444,0.42259,0.90628,0.92514,0.95678,0.97375,0.80248,0.91594,0.95484,0.96449,0.69437,0.75016,1.14862,0.13667,0.46993,0.91039,0.0052278,0.0017426,0.0052278,0.0017426,0.0052278,0.0017426,0.0052278,0.0017426
41,398.236,0.6193,1.16368,0.38275,0.41461,0.9174,0.90737,0.93548,0.96249,0.7995,0.90112,0.92903,0.96341,0.7122,0.74191,1.14074,0.13986,0.47805,0.91296,0.005208,0.001736,0.005208,0.001736,0.005208,0.001736,0.005208,0.001736
42,407.202,0.60264,1.14545,0.35859,0.40885,0.89945,0.91863,0.92903,0.96533,0.79952,0.91863,0.92903,0.96982,0.71777,0.75453,1.10808,0.13393,0.48116,0.92405,0.0051882,0.0017294,0.0051882,0.0017294,0.0051882,0.0017294,0.0051882,0.0017294
43,415.868,0.60093,1.19762,0.37241,0.42163,0.89712,0.9333,0.94194,0.97269,0.79535,0.9333,0.94194,0.97269,0.73371,0.74548,1.00518,0.12798,0.4702,0.91675,0.0051684,0.0017228,0.0051684,0.0017228,0.0051684,0.0017228,0.0051684,0.0017228
44,424.629,0.59739,1.13227,0.35059,0.40987,0.89932,0.94934,0.90968,0.97371,0.79819,0.94934,0.90968,0.97371,0.70761,0.73307,1.1187,0.12205,0.47243,0.91319,0.0051486,0.0017162,0.0051486,0.0017162,0.0051486,0.0017162,0.0051486,0.0017162
45,431.906,0.57491,1.08974,0.33697,0.40009,0.89899,0.93036,0.93548,0.97674,0.80432,0.92395,0.92903,0.96408,0.71634,0.72906,1.02397,0.11582,0.45883,0.90071,0.0051288,0.0017096,0.0051288,0.0017096,0.0051288,0.0017096,0.0051288,0.0017096
46,442.019,0.62338,1.15367,0.338,0.41877,0.90374,0.92623,0.94194,0.97259,0.79427,0.92072,0.95484,0.9754,0.72421,0.74717,1.03003,0.11212,0.47115,0.90572,0.005109,0.001703,0.005109,0.001703,0.005109,0.001703,0.005109,0.001703
47,451.275,0.58875,1.134,0.33022,0.39341,0.89154,0.94151,0.93473,0.97275,0.79348,0.92202,0.91537,0.94647,0.72574,0.72082,1.00488,0.10736,0.45624,0.90925,0.0050892,0.0016964,0.0050892,0.0016964,0.0050892,0.0016964,0.0050892,0.0016964
48,458.422,0.60871,1.11617,0.32915,0.41702,0.90103,0.94573,0.91613,0.97322,0.80561,0.94573,0.91613,0.97322,0.7429,0.73453,0.99629,0.10441,0.45528,0.91177,0.0050694,0.0016898,0.0050694,0.0016898,0.0050694,0.0016898,0.0050694,0.0016898
49,467.092,0.59507,1.10669,0.33315,0.40731,0.90921,0.94753,0.96129,0.97213,0.80986,0.94753,0.96129,0.97213,0.74876,0.72192,0.95479,0.10363,0.45002,0.90041,0.0050496,0.0016832,0.0050496,0.0016832,0.0050496,0.0016832,0.0050496,0.0016832
50,476.791,0.58078,1.05669,0.32644,0.3946,0.89622,0.93621,0.94686,0.97253,0.81572,0.92983,0.94041,0.96079,0.73727,0.71357,0.99547,0.09922,0.45433,0.90491,0.0050298,0.0016766,0.0050298,0.0016766,0.0050298,0.0016766,0.0050298,0.0016766
51,484.646,0.59972,1.09592,0.30724,0.40189,0.89568,0.92004,0.94194,0.97618,0.7943,0.91374,0.93548,0.96372,0.72253,0.7461,0.99955,0.09359,0.47503,0.90785,0.00501,0.00167,0.00501,0.00167,0.00501,0.00167,0.00501,0.00167
52,492.91,0.62793,1.12145,0.32832,0.41729,0.90844,0.94359,0.92903,0.97396,0.80529,0.93704,0.92258,0.95965,0.74769,0.73503,0.98472,0.09319,0.4827,0.89918,0.0049902,0.0016634,0.0049902,0.0016634,0.0049902,0.0016634,0.0049902,0.0016634
53,501.629,0.59798,1.00383,0.32112,0.40223,0.90192,0.95931,0.91265,0.97102,0.8052,0.95931,0.91265,0.97102,0.74286,0.7305,0.95605,0.08517,0.45643,0.90766,0.0049704,0.0016568,0.0049704,0.0016568,0.0049704,0.0016568,0.0049704,0.0016568
54,510.139,0.57564,1.06962,0.30438,0.38596,0.89649,0.92245,0.90968,0.97305,0.80995,0.92245,0.90968,0.97305,0.75151,0.72192,0.94879,0.08735,0.48994,0.90172,0.0049506,0.0016502,0.0049506,0.0016502,0.0049506,0.0016502,0.0049506,0.0016502
55,517.65,0.57404,1.01932,0.30816,0.39607,0.89528,0.93407,0.9141,0.97395,0.80975,0.92753,0.90828,0.96317,0.73566,0.71922,0.96448,0.08823,0.47456,0.90314,0.0049308,0.0016436,0.0049308,0.0016436,0.0049308,0.0016436,0.0049308,0.0016436
56,525.457,0.57254,1.03424,0.30076,0.38826,0.89018,0.94068,0.92085,0.97631,0.80281,0.92751,0.90808,0.95769,0.7444,0.73714,0.98766,0.08131,0.47352,0.91164,0.004911,0.001637,0.004911,0.001637,0.004911,0.001637,0.004911,0.001637
57,533.503,0.58901,1.04322,0.29771,0.39415,0.89532,0.89428,0.94194,0.973,0.79772,0.8879,0.93548,0.96217,0.74643,0.74758,0.98401,0.0796,0.50352,0.927,0.0048912,0.0016304,0.0048912,0.0016304,0.0048912,0.0016304,0.0048912,0.0016304
58,542.879,0.56819,1.05791,0.30061,0.38285,0.89035,0.9486,0.91613,0.97472,0.81033,0.9486,0.91613,0.97472,0.76488,0.70897,0.93046,0.08267,0.4525,0.90336,0.0048714,0.0016238,0.0048714,0.0016238,0.0048714,0.0016238,0.0048714,0.0016238
59,550.685,0.5777,1.02787,0.28914,0.39729,0.89351,0.94736,0.92887,0.97239,0.8149,0.94736,0.92887,0.97239,0.75584,0.67604,0.8811,0.07449,0.43729,0.89681,0.0048516,0.0016172,0.0048516,0.0016172,0.0048516,0.0016172,0.0048516,0.0016172
60,558.787,0.55714,0.97284,0.29282,0.38544,0.89396,0.93607,0.94194,0.97498,0.8144,0.92934,0.93548,0.97356,0.75636,0.68985,0.91636,0.07501,0.44659,0.89285,0.0048318,0.0016106,0.0048318,0.0016106,0.0048318,0.0016106,0.0048318,0.0016106
61,567.431,0.55634,0.96338,0.2795,0.37073,0.88119,0.94818,0.90968,0.97275,0.81446,0.94818,0.90968,0.97275,0.75942,0.68854,0.89117,0.07001,0.43974,0.89397,0.004812,0.001604,0.004812,0.001604,0.004812,0.001604,0.004812,0.001604
62,575.023,0.58799,1.0304,0.29801,0.39091,0.89527,0.95967,0.92111,0.97008,0.81404,0.95973,0.92259,0.97299,0.7638,0.71061,0.91013,0.07477,0.45378,0.90869,0.0047922,0.0015974,0.0047922,0.0015974,0.0047922,0.0015974,0.0047922,0.0015974
63,584.927,0.59378,0.96394,0.28595,0.38687,0.90819,0.9282,0.91746,0.96999,0.81068,0.9217,0.91133,0.95921,0.73909,0.71173,0.92171,0.07234,0.4701,0.91209,0.0047724,0.0015908,0.0047724,0.0015908,0.0047724,0.0015908,0.0047724,0.0015908
64,592.55,0.57923,0.97311,0.28501,0.38331,0.89586,0.94266,0.92903,0.97458,0.80906,0.93566,0.92258,0.96231,0.75826,0.70996,0.89673,0.07304,0.46265,0.91583,0.0047526,0.0015842,0.0047526,0.0015842,0.0047526,0.0015842,0.0047526,0.0015842
65,600.59,0.56299,0.95644,0.27373,0.38073,0.88991,0.93124,0.96129,0.97583,0.8118,0.92499,0.95484,0.96301,0.76382,0.70303,0.881,0.07115,0.44401,0.91633,0.0047328,0.0015776,0.0047328,0.0015776,0.0047328,0.0015776,0.0047328,0.0015776
66,609.518,0.54534,0.94557,0.26558,0.38464,0.89001,0.95698,0.93548,0.97539,0.81629,0.95698,0.93548,0.97539,0.76644,0.68527,0.86073,0.06502,0.43942,0.90173,0.004713,0.001571,0.004713,0.001571,0.004713,0.001571,0.004713,0.001571
67,617.232,0.55951,0.95059,0.28415,0.38658,0.89803,0.91777,0.93608,0.96997,0.80816,0.91798,0.93872,0.97188,0.75994,0.7099,0.91029,0.06511,0.5044,0.92232,0.0046932,0.0015644,0.0046932,0.0015644,0.0046932,0.0015644,0.0046932,0.0015644
68,624.95,0.57466,0.97392,0.26907,0.38814,0.90038,0.97255,0.93548,0.96653,0.80664,0.95371,0.93038,0.96586,0.72478,0.69997,0.92917,0.06478,0.4528,0.91737,0.0046734,0.0015578,0.0046734,0.0015578,0.0046734,0.0015578,0.0046734,0.0015578
69,633.356,0.57775,0.95176,0.26899,0.38938,0.9061,0.95168,0.92903,0.97003,0.79627,0.95168,0.92903,0.96078,0.74673,0.7166,0.92432,0.06421,0.44862,0.92429,0.0046536,0.0015512,0.0046536,0.0015512,0.0046536,0.0015512,0.0046536,0.0015512
70,641.676,0.56212,0.91142,0.25697,0.3707,0.89294,0.97777,0.92258,0.97424,0.81129,0.97777,0.92258,0.97424,0.77838,0.69434,0.87291,0.06218,0.43954,0.90631,0.0046338,0.0015446,0.0046338,0.0015446,0.0046338,0.0015446,0.0046338,0.0015446
71,651.16,0.56123,0.93264,0.27675,0.37468,0.89624,0.94087,0.92384,0.97284,0.80322,0.94087,0.92384,0.97284,0.75179,0.71056,0.94835,0.05848,0.43843,0.92091,0.004614,0.001538,0.004614,0.001538,0.004614,0.001538,0.004614,0.001538
72,658.877,0.5477,0.93587,0.25536,0.36774,0.8879,0.92843,0.92065,0.97007,0.81686,0.92843,0.92065,0.97007,0.77956,0.68946,0.88597,0.05796,0.48247,0.90347,0.0045942,0.0015314,0.0045942,0.0015314,0.0045942,0.0015314,0.0045942,0.0015314
73,667.453,0.55817,0.97387,0.27131,0.37699,0.88955,0.95278,0.92258,0.97888,0.82561,0.95278,0.92258,0.97888,0.777,0.68127,0.8764,0.05952,0.43495,0.90136,0.0045744,0.0015248,0.0045744,0.0015248,0.0045744,0.0015248,0.0045744,0.0015248
74,676.279,0.56369,0.94025,0.25956,0.38473,0.89753,0.95984,0.94194,0.97775,0.82259,0.95984,0.94194,0.97775,0.78326,0.68044,0.86018,0.05884,0.42992,0.9001,0.0045546,0.0015182,0.0045546,0.0015182,0.0045546,0.0015182,0.0045546,0.0015182
75,685.747,0.53673,0.8924,0.24225,0.35983,0.88281,0.92904,0.92915,0.97482,0.8114,0.92904,0.92915,0.97482,0.77515,0.70157,0.88205,0.05403,0.44686,0.89811,0.0045348,0.0015116,0.0045348,0.0015116,0.0045348,0.0015116,0.0045348,0.0015116
76,693.199,0.55468,0.90233,0.25227,0.36576,0.88809,0.95281,0.92903,0.96656,0.8088,0.95281,0.92903,0.96656,0.77081,0.70483,0.87459,0.05831,0.44781,0.91925,0.004515,0.001505,0.004515,0.001505,0.004515,0.001505,0.004515,0.001505
77,701.339,0.55608,0.92233,0.27003,0.36982,0.89234,0.91744,0.93196,0.96596,0.80346,0.89838,0.9126,0.93512,0.75793,0.72014,0.88046,0.05911,0.4576,0.91575,0.0044952,0.0014984,0.0044952,0.0014984,0.0044952,0.0014984,0.0044952,0.0014984
78,708.561,0.54589,0.91386,0.24189,0.36906,0.88015,0.95284,0.91245,0.97027,0.81083,0.9461,0.90599,0.96433,0.76482,0.70574,0.89082,0.05623,0.44935,0.9026,0.0044754,0.0014918,0.0044754,0.0014918,0.0044754,0.0014918,0.0044754,0.0014918
79,718.596,0.54308,0.86783,0.2473,0.35763,0.88213,0.95504,0.92903,0.97511,0.81501,0.94841,0.92258,0.96143,0.77224,0.70317,0.87538,0.05258,0.46331,0.91059,0.0044556,0.0014852,0.0044556,0.0014852,0.0044556,0.0014852,0.0044556,0.0014852
80,727.422,0.52375,0.86252,0.24163,0.35268,0.87453,0.95413,0.93932,0.97858,0.81413,0.94757,0.93286,0.97352,0.77111,0.69018,0.86289,0.05411,0.43936,0.9046,0.0044358,0.0014786,0.0044358,0.0014786,0.0044358,0.0014786,0.0044358,0.0014786
81,735.34,0.53295,0.85323,0.25073,0.36574,0.88333,0.92281,0.92903,0.97213,0.80278,0.9164,0.92258,0.95947,0.76148,0.68904,0.85364,0.05527,0.46819,0.9117,0.004416,0.001472,0.004416,0.001472,0.004416,0.001472,0.004416,0.001472
82,742.832,0.53353,0.87819,0.23407,0.35909,0.87974,0.91502,0.92903,0.97332,0.8211,0.90866,0.92258,0.96073,0.76909,0.68239,0.83052,0.05604,0.44345,0.90789,0.0043962,0.0014654,0.0043962,0.0014654,0.0043962,0.0014654,0.0043962,0.0014654
83,753,0.54333,0.8859,0.23936,0.36565,0.8934,0.94492,0.93548,0.96782,0.82535,0.94492,0.93548,0.95659,0.77735,0.66519,0.85251,0.05847,0.42296,0.90371,0.0043764,0.0014588,0.0043764,0.0014588,0.0043764,0.0014588,0.0043764,0.0014588
84,761.052,0.54133,0.9073,0.25033,0.35957,0.89614,0.94516,0.92258,0.97144,0.81923,0.90197,0.95484,0.96134,0.79293,0.68524,0.8457,0.05316,0.43688,0.90804,0.0043566,0.0014522,0.0043566,0.0014522,0.0043566,0.0014522,0.0043566,0.0014522
85,769.007,0.5268,0.8515,0.24357,0.3545,0.88328,0.88313,0.97501,0.97125,0.81428,0.87144,0.9621,0.95244,0.77264,0.68339,0.85518,0.05183,0.46175,0.91411,0.0043368,0.0014456,0.0043368,0.0014456,0.0043368,0.0014456,0.0043368,0.0014456
86,776.282,0.53002,0.85368,0.24072,0.36057,0.88029,0.91775,0.92903,0.96777,0.81253,0.91775,0.92903,0.96777,0.78412,0.68343,0.82533,0.04676,0.4689,0.90866,0.004317,0.001439,0.004317,0.001439,0.004317,0.001439,0.004317,0.001439
87,785.501,0.54111,0.85484,0.24084,0.35951,0.89729,0.95264,0.90852,0.97701,0.81071,0.95264,0.90852,0.97701,0.76827,0.70461,0.89937,0.05006,0.42974,0.90269,0.0042972,0.0014324,0.0042972,0.0014324,0.0042972,0.0014324,0.0042972,0.0014324
88,792.924,0.55296,0.85506,0.23341,0.3685,0.89185,0.90582,0.93081,0.96664,0.80738,0.90582,0.93081,0.96962,0.7661,0.70546,0.89628,0.05013,0.43578,0.91607,0.0042774,0.0014258,0.0042774,0.0014258,0.0042774,0.0014258,0.0042774,0.0014258
89,801.503,0.53079,0.7733,0.23104,0.35491,0.87315,0.93026,0.91613,0.96341,0.80923,0.92371,0.90968,0.95198,0.7642,0.68509,0.85141,0.05082,0.4983,0.91164,0.0042576,0.0014192,0.0042576,0.0014192,0.0042576,0.0014192,0.0042576,0.0014192
90,808.671,0.53307,0.80044,0.23444,0.3507,0.88792,0.93833,0.90323,0.97457,0.82115,0.93833,0.90323,0.97457,0.77685,0.6759,0.85791,0.04967,0.47275,0.89242,0.0042378,0.0014126,0.0042378,0.0014126,0.0042378,0.0014126,0.0042378,0.0014126
91,817.508,0.53647,0.85656,0.23844,0.35038,0.88874,0.93968,0.92258,0.97459,0.82625,0.93968,0.92258,0.97459,0.79778,0.65957,0.79743,0.04981,0.44646,0.90544,0.004218,0.001406,0.004218,0.001406,0.004218,0.001406,0.004218,0.001406
92,825.513,0.52132,0.79537,0.23441,0.3457,0.88657,0.9411,0.92784,0.97079,0.82489,0.9475,0.93156,0.97638,0.7977,0.67184,0.79259,0.04784,0.44229,0.91602,0.0041982,0.0013994,0.0041982,0.0013994,0.0041982,0.0013994,0.0041982,0.0013994
93,832.893,0.51882,0.80639,0.22977,0.35552,0.87016,0.92816,0.92258,0.96808,0.81779,0.93465,0.92903,0.97289,0.8012,0.69573,0.81696,0.04808,0.456,0.92298,0.0041784,0.0013928,0.0041784,0.0013928,0.0041784,0.0013928,0.0041784,0.0013928
94,841.262,0.52308,0.80053,0.23598,0.35595,0.89048,0.94144,0.93342,0.97912,0.82189,0.94144,0.93342,0.97912,0.7823,0.68284,0.80218,0.04795,0.43432,0.9162,0.0041586,0.0013862,0.0041586,0.0013862,0.0041586,0.0013862,0.0041586,0.0013862
95,849.803,0.51991,0.79963,0.224,0.35431,0.88107,0.95682,0.92258,0.97641,0.82667,0.95682,0.92258,0.97641,0.80326,0.66314,0.7992,0.04673,0.4245,0.90975,0.0041388,0.0013796,0.0041388,0.0013796,0.0041388,0.0013796,0.0041388,0.0013796
96,858.361,0.52727,0.82391,0.23091,0.35153,0.87848,0.92839,0.92012,0.96675,0.81513,0.92839,0.92012,0.96675,0.78152,0.65584,0.79487,0.04598,0.48826,0.8973,0.004119,0.001373,0.004119,0.001373,0.004119,0.001373,0.004119,0.001373
97,866.5,0.52616,0.78307,0.225,0.34953,0.88546,0.93378,0.91613,0.97198,0.83235,0.93378,0.91613,0.97198,0.79764,0.649,0.77585,0.04658,0.44215,0.88811,0.0040992,0.0013664,0.0040992,0.0013664,0.0040992,0.0013664,0.0040992,0.0013664
98,874.239,0.51076,0.79841,0.22227,0.33965,0.8783,0.97199,0.89551,0.96956,0.83,0.97199,0.89551,0.96956,0.80312,0.66683,0.78328,0.04811,0.41565,0.89546,0.0040794,0.0013598,0.0040794,0.0013598,0.0040794,0.0013598,0.0040794,0.0013598
99,883.896,0.51348,0.81015,0.2221,0.34142,0.87665,0.91254,0.95484,0.97255,0.82506,0.90612,0.94839,0.96266,0.78968,0.65591,0.79123,0.04823,0.43769,0.88745,0.0040596,0.0013532,0.0040596,0.0013532,0.0040596,0.0013532,0.0040596,0.0013532
100,891.521,0.51185,0.80202,0.23634,0.34411,0.88073,0.97043,0.91613,0.9759,0.82265,0.96359,0.90968,0.96291,0.79751,0.64957,0.77782,0.04702,0.43003,0.89587,0.0040398,0.0013466,0.0040398,0.0013466,0.0040398,0.0013466,0.0040398,0.0013466
101,900.12,0.52667,0.80132,0.2214,0.3468,0.87731,0.95905,0.92258,0.96319,0.81062,0.95228,0.91613,0.94664,0.76999,0.67352,0.84991,0.0502,0.45272,0.90788,0.00402,0.00134,0.00402,0.00134,0.00402,0.00134,0.00402,0.00134
102,907.4,0.50532,0.81721,0.21552,0.34954,0.86951,0.95281,0.90968,0.97531,0.82338,0.94516,0.90323,0.96358,0.79249,0.65635,0.80797,0.04461,0.43665,0.89574,0.0040002,0.0013334,0.0040002,0.0013334,0.0040002,0.0013334,0.0040002,0.0013334
103,916.576,0.52683,0.77844,0.22606,0.34474,0.88053,0.93372,0.92258,0.97287,0.83517,0.92719,0.91613,0.96077,0.80071,0.62481,0.76589,0.0444,0.44056,0.88762,0.0039804,0.0013268,0.0039804,0.0013268,0.0039804,0.0013268,0.0039804,0.0013268
104,923.676,0.51688,0.78587,0.22532,0.34823,0.87448,0.94471,0.92258,0.97603,0.82302,0.94471,0.92258,0.97603,0.77374,0.62965,0.83078,0.04423,0.42408,0.89298,0.0039606,0.0013202,0.0039606,0.0013202,0.0039606,0.0013202,0.0039606,0.0013202
105,931.15,0.51151,0.80064,0.22707,0.34263,0.88076,0.93909,0.92258,0.97581,0.81795,0.93909,0.92258,0.9793,0.78873,0.67483,0.82703,0.04261,0.45173,0.91724,0.0039408,0.0013136,0.0039408,0.0013136,0.0039408,0.0013136,0.0039408,0.0013136
106,939.069,0.51334,0.78825,0.22331,0.3422,0.87725,0.9285,0.92162,0.97505,0.82338,0.922,0.91516,0.96221,0.78442,0.64722,0.81044,0.03961,0.45659,0.9052,0.003921,0.001307,0.003921,0.001307,0.003921,0.001307,0.003921,0.001307
107,948.055,0.51093,0.76839,0.2211,0.33829,0.87821,0.9597,0.92172,0.97881,0.83218,0.9597,0.92172,0.97881,0.79463,0.63864,0.77718,0.04279,0.4213,0.89801,0.0039012,0.0013004,0.0039012,0.0013004,0.0039012,0.0013004,0.0039012,0.0013004
108,956.229,0.50041,0.71544,0.21042,0.3357,0.8744,0.92164,0.92903,0.96856,0.8237,0.92164,0.92903,0.9716,0.7896,0.6508,0.80577,0.0413,0.44548,0.89879,0.0038814,0.0012938,0.0038814,0.0012938,0.0038814,0.0012938,0.0038814,0.0012938
109,964.177,0.51475,0.73549,0.20894,0.33581,0.88057,0.96032,0.91613,0.97193,0.82961,0.96032,0.91613,0.97636,0.80209,0.64904,0.76254,0.04113,0.41397,0.89872,0.0038616,0.0012872,0.0038616,0.0012872,0.0038616,0.0012872,0.0038616,0.0012872
110,972.333,0.49612,0.74519,0.21718,0.33655,0.87492,0.95982,0.92462,0.97855,0.83533,0.95982,0.92462,0.97855,0.80295,0.64408,0.75302,0.0405,0.41161,0.89736,0.0038418,0.0012806,0.0038418,0.0012806,0.0038418,0.0012806,0.0038418,0.0012806
111,981.802,0.50176,0.75702,0.22203,0.33408,0.87789,0.94703,0.92258,0.97553,0.8315,0.94703,0.92258,0.97553,0.79996,0.64795,0.77245,0.04176,0.43028,0.90061,0.003822,0.001274,0.003822,0.001274,0.003822,0.001274,0.003822,0.001274
112,990.062,0.51332,0.79625,0.20755,0.34322,0.8781,0.95279,0.92903,0.97637,0.83656,0.95279,0.92903,0.97637,0.79985,0.64582,0.76183,0.04266,0.41841,0.89562,0.0038022,0.0012674,0.0038022,0.0012674,0.0038022,0.0012674,0.0038022,0.0012674
113,997.923,0.49801,0.75008,0.20886,0.34004,0.87473,0.96018,0.93338,0.9734,0.83223,0.96018,0.93338,0.9734,0.79872,0.63538,0.76456,0.04479,0.4069,0.90044,0.0037824,0.0012608,0.0037824,0.0012608,0.0037824,0.0012608,0.0037824,0.0012608
114,1005.62,0.50099,0.81314,0.20846,0.33537,0.86684,0.9461,0.90604,0.97151,0.83003,0.9461,0.90604,0.97151,0.79421,0.64653,0.76016,0.04452,0.4296,0.89879,0.0037626,0.0012542,0.0037626,0.0012542,0.0037626,0.0012542,0.0037626,0.0012542
115,1013.93,0.50765,0.7337,0.21039,0.33446,0.88084,0.94845,0.92258,0.96515,0.82323,0.9417,0.91613,0.96343,0.76956,0.6576,0.8181,0.04059,0.42409,0.91518,0.0037428,0.0012476,0.0037428,0.0012476,0.0037428,0.0012476,0.0037428,0.0012476
116,1021.66,0.51234,0.76321,0.2114,0.33476,0.87516,0.9495,0.92258,0.96363,0.81178,0.94727,0.92714,0.96681,0.77969,0.65323,0.75491,0.03913,0.44139,0.90419,0.003723,0.001241,0.003723,0.001241,0.003723,0.001241,0.003723,0.001241
117,1030.03,0.50098,0.75769,0.20412,0.32609,0.87351,0.94072,0.92258,0.96585,0.82782,0.94358,0.92903,0.9682,0.79698,0.62965,0.74529,0.03804,0.42762,0.88414,0.0037032,0.0012344,0.0037032,0.0012344,0.0037032,0.0012344,0.0037032,0.0012344
118,1037.02,0.49347,0.71864,0.20366,0.33601,0.87875,0.94326,0.92258,0.96968,0.82727,0.94326,0.92258,0.97255,0.7987,0.64732,0.76786,0.03834,0.42946,0.89703,0.0036834,0.0012278,0.0036834,0.0012278,0.0036834,0.0012278,0.0036834,0.0012278
119,1045.98,0.49697,0.74441,0.20582,0.3368,0.87014,0.97284,0.91613,0.97631,0.83688,0.97284,0.91613,0.97868,0.80593,0.63778,0.7767,0.03799,0.41209,0.89833,0.0036636,0.0012212,0.0036636,0.0012212,0.0036636,0.0012212,0.0036636,0.0012212
120,1054.23,0.49911,0.73204,0.20903,0.33706,0.87532,0.95389,0.93419,0.97726,0.83424,0.95389,0.93419,0.97726,0.8096,0.64028,0.75822,0.03813,0.41656,0.90224,0.0036438,0.0012146,0.0036438,0.0012146,0.0036438,0.0012146,0.0036438,0.0012146
121,1062.45,0.49523,0.72902,0.21092,0.32795,0.87326,0.9414,0.92903,0.97427,0.82117,0.9414,0.92903,0.97427,0.81017,0.62745,0.74033,0.03986,0.42774,0.89375,0.003624,0.001208,0.003624,0.001208,0.003624,0.001208,0.003624,0.001208
122,1070.21,0.49039,0.72974,0.20366,0.32742,0.88092,0.97916,0.90917,0.97059,0.8249,0.97916,0.90917,0.97059,0.79636,0.63247,0.74862,0.03973,0.43045,0.90557,0.0036042,0.0012014,0.0036042,0.0012014,0.0036042,0.0012014,0.0036042,0.0012014
123,1080.14,0.48106,0.67256,0.20155,0.31956,0.86947,0.935,0.9281,0.97401,0.83704,0.9285,0.92165,0.96127,0.81337,0.62617,0.74905,0.0379,0.42748,0.90222,0.0035844,0.0011948,0.0035844,0.0011948,0.0035844,0.0011948,0.0035844,0.0011948
124,1087.72,0.4896,0.69581,0.21071,0.32324,0.87682,0.93648,0.91613,0.96676,0.83242,0.93648,0.91613,0.97154,0.79521,0.61615,0.77142,0.03915,0.43628,0.8975,0.0035646,0.0011882,0.0035646,0.0011882,0.0035646,0.0011882,0.0035646,0.0011882
125,1095.98,0.50555,0.74377,0.20272,0.33155,0.87744,0.94018,0.92903,0.97173,0.83864,0.94018,0.92903,0.97505,0.80545,0.61375,0.76041,0.03744,0.40792,0.89707,0.0035448,0.0011816,0.0035448,0.0011816,0.0035448,0.0011816,0.0035448,0.0011816
126,1103.3,0.50887,0.67838,0.20449,0.33407,0.88874,0.94368,0.93548,0.97418,0.83769,0.93717,0.92903,0.96428,0.81445,0.63655,0.76791,0.03806,0.41507,0.89955,0.003525,0.001175,0.003525,0.001175,0.003525,0.001175,0.003525,0.001175
127,1111.88,0.49465,0.69329,0.20011,0.32076,0.87724,0.96663,0.93441,0.97119,0.82919,0.96663,0.93441,0.97595,0.81585,0.64894,0.75387,0.03742,0.4157,0.90015,0.0035052,0.0011684,0.0035052,0.0011684,0.0035052,0.0011684,0.0035052,0.0011684
128,1118.41,0.4917,0.76253,0.20178,0.3279,0.87612,0.93733,0.92258,0.97056,0.83057,0.93733,0.92258,0.97541,0.81341,0.61932,0.73252,0.03411,0.42057,0.89739,0.0034854,0.0011618,0.0034854,0.0011618,0.0034854,0.0011618,0.0034854,0.0011618
129,1126.36,0.47612,0.67227,0.20136,0.32367,0.87228,0.93104,0.92903,0.96801,0.83582,0.93751,0.93548,0.97324,0.81034,0.61458,0.73583,0.03483,0.41723,0.89487,0.0034656,0.0011552,0.0034656,0.0011552,0.0034656,0.0011552,0.0034656,0.0011552
130,1133.72,0.47787,0.71147,0.20074,0.3202,0.86776,0.92508,0.95591,0.97411,0.83835,0.92395,0.96129,0.96539,0.8136,0.62163,0.74372,0.03671,0.4104,0.89906,0.0034458,0.0011486,0.0034458,0.0011486,0.0034458,0.0011486,0.0034458,0.0011486
131,1142.1,0.48078,0.7055,0.19691,0.32138,0.8702,0.90108,0.94027,0.96915,0.84083,0.90108,0.94027,0.97344,0.8205,0.612,0.7238,0.03838,0.42544,0.89246,0.003426,0.001142,0.003426,0.001142,0.003426,0.001142,0.003426,0.001142
132,1150.1,0.47379,0.65727,0.19467,0.31551,0.87051,0.94661,0.91517,0.96945,0.83703,0.91782,0.94839,0.97227,0.81272,0.61541,0.73972,0.03962,0.40773,0.8959,0.0034062,0.0011354,0.0034062,0.0011354,0.0034062,0.0011354,0.0034062,0.0011354
133,1156.81,0.48932,0.69505,0.19676,0.31978,0.87688,0.89206,0.95971,0.97083,0.83483,0.89805,0.96616,0.97419,0.8023,0.62367,0.76036,0.03764,0.40188,0.90141,0.0033864,0.0011288,0.0033864,0.0011288,0.0033864,0.0011288,0.0033864,0.0011288
134,1164.3,0.47239,0.6702,0.1997,0.31606,0.87044,0.95313,0.91847,0.97401,0.83818,0.95313,0.91847,0.97401,0.80091,0.61932,0.76148,0.03744,0.40643,0.89092,0.0033666,0.0011222,0.0033666,0.0011222,0.0033666,0.0011222,0.0033666,0.0011222
135,1173.5,0.48846,0.70852,0.19397,0.31823,0.87462,0.91595,0.96129,0.97645,0.84204,0.91595,0.96129,0.97645,0.81697,0.60883,0.70931,0.03737,0.39378,0.89268,0.0033468,0.0011156,0.0033468,0.0011156,0.0033468,0.0011156,0.0033468,0.0011156
136,1179.96,0.48954,0.71775,0.19186,0.32421,0.87523,0.94905,0.92258,0.96865,0.83977,0.95568,0.92903,0.97357,0.81076,0.61433,0.71599,0.03744,0.39541,0.88905,0.003327,0.001109,0.003327,0.001109,0.003327,0.001109,0.003327,0.001109
137,1188.67,0.48518,0.70867,0.20142,0.323,0.87914,0.95724,0.93548,0.97145,0.83473,0.96345,0.94194,0.97431,0.81979,0.61117,0.70749,0.03457,0.41841,0.89511,0.0033072,0.0011024,0.0033072,0.0011024,0.0033072,0.0011024,0.0033072,0.0011024
138,1195.52,0.48584,0.64369,0.1965,0.32201,0.88086,0.95394,0.93531,0.97543,0.83411,0.96052,0.94168,0.97648,0.81263,0.61631,0.70088,0.034,0.39647,0.89829,0.0032874,0.0010958,0.0032874,0.0010958,0.0032874,0.0010958,0.0032874,0.0010958
139,1204.97,0.46939,0.62951,0.18935,0.3103,0.86349,0.96707,0.92258,0.97356,0.84342,0.95372,0.94194,0.97576,0.8322,0.6268,0.70281,0.03681,0.40689,0.90893,0.0032676,0.0010892,0.0032676,0.0010892,0.0032676,0.0010892,0.0032676,0.0010892
140,1212.73,0.47947,0.64384,0.18549,0.30802,0.87585,0.96978,0.93548,0.96727,0.82736,0.95477,0.95339,0.97136,0.82164,0.62753,0.71755,0.03636,0.39777,0.90221,0.0032478,0.0010826,0.0032478,0.0010826,0.0032478,0.0010826,0.0032478,0.0010826
141,1220.56,0.47347,0.65744,0.18329,0.31328,0.87079,0.96294,0.94839,0.97484,0.83779,0.96294,0.94839,0.97484,0.82016,0.59839,0.68921,0.03296,0.38596,0.90067,0.003228,0.001076,0.003228,0.001076,0.003228,0.001076,0.003228,0.001076
142,1228.61,0.49397,0.69938,0.18831,0.3299,0.88316,0.96698,0.94465,0.97222,0.82978,0.96698,0.94465,0.97222,0.82423,0.61271,0.68878,0.03474,0.3873,0.89838,0.0032082,0.0010694,0.0032082,0.0010694,0.0032082,0.0010694,0.0032082,0.0010694
143,1237.98,0.48947,0.66721,0.1942,0.32104,0.87678,0.93653,0.95203,0.97198,0.83237,0.93653,0.95203,0.97198,0.82391,0.61572,0.70042,0.0335,0.39139,0.90479,0.0031884,0.0010628,0.0031884,0.0010628,0.0031884,0.0010628,0.0031884,0.0010628
144,1245.21,0.47125,0.65151,0.1909,0.31727,0.87551,0.96927,0.92903,0.9723,0.83894,0.96927,0.92903,0.9723,0.82581,0.6212,0.71353,0.03497,0.40577,0.90465,0.0031686,0.0010562,0.0031686,0.0010562,0.0031686,0.0010562,0.0031686,0.0010562
145,1252.92,0.47462,0.68414,0.19531,0.31752,0.866,0.94004,0.93548,0.97544,0.84252,0.94004,0.93548,0.97544,0.81964,0.60779,0.68223,0.03347,0.40959,0.89743,0.0031488,0.0010496,0.0031488,0.0010496,0.0031488,0.0010496,0.0031488,0.0010496
146,1260.94,0.48123,0.67789,0.19157,0.32015,0.87565,0.9582,0.92903,0.97265,0.83725,0.965,0.93548,0.97795,0.82294,0.6085,0.69448,0.03374,0.39513,0.90979,0.003129,0.001043,0.003129,0.001043,0.003129,0.001043,0.003129,0.001043
147,1270.25,0.47969,0.67299,0.18495,0.31259,0.86923,0.94031,0.94194,0.97464,0.8399,0.94698,0.94839,0.97733,0.82254,0.61719,0.70457,0.03401,0.399,0.90941,0.0031092,0.0010364,0.0031092,0.0010364,0.0031092,0.0010364,0.0031092,0.0010364
148,1278.03,0.45555,0.63138,0.1896,0.31061,0.8683,0.95477,0.95328,0.9777,0.84448,0.95477,0.95328,0.9777,0.82669,0.61533,0.69511,0.0352,0.39357,0.9023,0.0030894,0.0010298,0.0030894,0.0010298,0.0030894,0.0010298,0.0030894,0.0010298
149,1284.86,0.45076,0.64255,0.17764,0.30773,0.86038,0.9533,0.95484,0.97874,0.84836,0.9533,0.95484,0.97874,0.82561,0.59095,0.69534,0.03505,0.3829,0.89645,0.0030696,0.0010232,0.0030696,0.0010232,0.0030696,0.0010232,0.0030696,0.0010232
150,1292.57,0.46861,0.6697,0.18522,0.3119,0.86676,0.95382,0.95484,0.97971,0.8484,0.95382,0.95484,0.97971,0.82911,0.60413,0.68323,0.03579,0.38179,0.89684,0.0030498,0.0010166,0.0030498,0.0010166,0.0030498,0.0010166,0.0030498,0.0010166
151,1301.8,0.4807,0.64399,0.19006,0.31576,0.87222,0.9777,0.93548,0.97975,0.84584,0.9777,0.93548,0.97975,0.83176,0.60392,0.69455,0.03471,0.38026,0.89923,0.00303,0.00101,0.00303,0.00101,0.00303,0.00101,0.00303,0.00101
152,1309.36,0.4749,0.65878,0.18328,0.3177,0.86708,0.95492,0.94194,0.98002,0.83881,0.95492,0.94194,0.98002,0.82483,0.62042,0.68548,0.03277,0.40102,0.90863,0.0030102,0.0010034,0.0030102,0.0010034,0.0030102,0.0010034,0.0030102,0.0010034
153,1316.44,0.47333,0.6658,0.19099,0.31137,0.86948,0.95389,0.94839,0.97952,0.84505,0.95389,0.94839,0.97952,0.82305,0.60262,0.69294,0.03178,0.3863,0.89478,0.0029904,0.0009968,0.0029904,0.0009968,0.0029904,0.0009968,0.0029904,0.0009968
154,1323.96,0.46496,0.67433,0.18739,0.31452,0.86833,0.95913,0.93548,0.9737,0.8472,0.95913,0.93548,0.96358,0.8243,0.61298,0.68803,0.03078,0.39065,0.90042,0.0029706,0.0009902,0.0029706,0.0009902,0.0029706,0.0009902,0.0029706,0.0009902
155,1333.18,0.46051,0.60853,0.17594,0.30678,0.87075,0.96077,0.94805,0.97767,0.84108,0.96077,0.94805,0.97767,0.83388,0.62163,0.691,0.03171,0.39555,0.91259,0.0029508,0.0009836,0.0029508,0.0009836,0.0029508,0.0009836,0.0029508,0.0009836
156,1340.21,0.46671,0.63694,0.18645,0.30835,0.87234,0.96497,0.94839,0.98092,0.8473,0.96497,0.94839,0.98092,0.83105,0.60213,0.6812,0.03224,0.3724,0.89808,0.002931,0.000977,0.002931,0.000977,0.002931,0.000977,0.002931,0.000977
157,1347.12,0.4559,0.61823,0.18719,0.30533,0.86771,0.97329,0.94045,0.98307,0.84305,0.97329,0.94045,0.98307,0.84092,0.61346,0.66018,0.03252,0.37525,0.89918,0.0029112,0.0009704,0.0029112,0.0009704,0.0029112,0.0009704,0.0029112,0.0009704
158,1355.52,0.45097,0.63218,0.17643,0.30017,0.86163,0.95373,0.93548,0.97908,0.84478,0.96031,0.94194,0.98112,0.8293,0.61315,0.66173,0.03227,0.36905,0.90109,0.0028914,0.0009638,0.0028914,0.0009638,0.0028914,0.0009638,0.0028914,0.0009638
159,1364.97,0.4692,0.63892,0.1884,0.31306,0.87146,0.96724,0.95484,0.98205,0.84737,0.96061,0.94839,0.96956,0.83236,0.60503,0.68258,0.03232,0.36427,0.89417,0.0028716,0.0009572,0.0028716,0.0009572,0.0028716,0.0009572,0.0028716,0.0009572
160,1372.75,0.46091,0.62244,0.18088,0.30609,0.87635,0.96678,0.93876,0.98004,0.85087,0.96678,0.93876,0.98004,0.82824,0.60102,0.70495,0.03125,0.36312,0.89136,0.0028518,0.0009506,0.0028518,0.0009506,0.0028518,0.0009506,0.0028518,0.0009506
161,1380.94,0.46706,0.69305,0.18747,0.31127,0.86885,0.96103,0.9545,0.98147,0.84171,0.95457,0.94894,0.97022,0.82995,0.59983,0.69475,0.03181,0.3729,0.89335,0.002832,0.000944,0.002832,0.000944,0.002832,0.000944,0.002832,0.000944
162,1387.98,0.47009,0.68672,0.19226,0.31479,0.87315,0.96587,0.92903,0.97765,0.83659,0.95916,0.92258,0.96429,0.81978,0.59871,0.68912,0.03235,0.39392,0.89597,0.0028122,0.0009374,0.0028122,0.0009374,0.0028122,0.0009374,0.0028122,0.0009374
163,1396.05,0.46399,0.64022,0.18125,0.30737,0.86454,0.96265,0.92903,0.98178,0.84967,0.95597,0.92258,0.96711,0.83074,0.58815,0.66839,0.03123,0.38702,0.89283,0.0027924,0.0009308,0.0027924,0.0009308,0.0027924,0.0009308,0.0027924,0.0009308
164,1403.03,0.46663,0.62171,0.16992,0.308,0.86121,0.96828,0.92903,0.97783,0.84749,0.96828,0.92903,0.97783,0.82882,0.59247,0.66971,0.03208,0.3773,0.89526,0.0027726,0.0009242,0.0027726,0.0009242,0.0027726,0.0009242,0.0027726,0.0009242
165,1410.27,0.46219,0.6293,0.1732,0.31121,0.87331,0.97289,0.92602,0.97447,0.83947,0.97289,0.92602,0.97447,0.82914,0.59583,0.66787,0.03312,0.38275,0.89876,0.0027528,0.0009176,0.0027528,0.0009176,0.0027528,0.0009176,0.0027528,0.0009176
166,1418.17,0.45283,0.60909,0.17474,0.30213,0.86096,0.93144,0.96422,0.9764,0.84284,0.92523,0.958,0.96158,0.82004,0.59863,0.66621,0.03281,0.38794,0.9005,0.002733,0.000911,0.002733,0.000911,0.002733,0.000911,0.002733,0.000911
167,1427.2,0.46114,0.6586,0.1802,0.31375,0.86478,0.96036,0.93795,0.97306,0.84386,0.96036,0.93795,0.97724,0.82709,0.5998,0.67254,0.03219,0.37958,0.89988,0.0027132,0.0009044,0.0027132,0.0009044,0.0027132,0.0009044,0.0027132,0.0009044
168,1434.75,0.46092,0.64187,0.18048,0.31099,0.87069,0.95787,0.94194,0.97714,0.84073,0.95787,0.94194,0.97714,0.83875,0.59805,0.66034,0.03191,0.38282,0.89709,0.0026934,0.0008978,0.0026934,0.0008978,0.0026934,0.0008978,0.0026934,0.0008978
169,1442.14,0.46574,0.61495,0.18027,0.30619,0.87559,0.97312,0.93414,0.97834,0.84431,0.97312,0.93414,0.97834,0.8335,0.59508,0.66661,0.03023,0.37121,0.90102,0.0026736,0.0008912,0.0026736,0.0008912,0.0026736,0.0008912,0.0026736,0.0008912
170,1449.85,0.45074,0.60309,0.16828,0.30226,0.85935,0.96232,0.93548,0.97552,0.84066,0.96232,0.93548,0.97552,0.83208,0.59218,0.65569,0.03099,0.38465,0.89934,0.0026538,0.0008846,0.0026538,0.0008846,0.0026538,0.0008846,0.0026538,0.0008846
171,1458.43,0.45542,0.58945,0.17709,0.30285,0.8772,0.96704,0.92903,0.97944,0.84835,0.96704,0.92903,0.97944,0.82786,0.59191,0.6728,0.03226,0.37236,0.8967,0.002634,0.000878,0.002634,0.000878,0.002634,0.000878,0.002634,0.000878
172,1465.53,0.45792,0.61465,0.18242,0.30502,0.8724,0.96207,0.93548,0.97911,0.85104,0.96207,0.93548,0.97911,0.83534,0.58668,0.6473,0.0324,0.36495,0.88518,0.0026142,0.0008714,0.0026142,0.0008714,0.0026142,0.0008714,0.0026142,0.0008714
173,1473.35,0.4649,0.64656,0.18183,0.31152,0.86473,0.94222,0.94692,0.97654,0.84685,0.94222,0.94692,0.97654,0.83482,0.59068,0.65929,0.03037,0.36927,0.89197,0.0025944,0.0008648,0.0025944,0.0008648,0.0025944,0.0008648,0.0025944,0.0008648
174,1479.94,0.45567,0.57877,0.1791,0.30045,0.86459,0.97341,0.94456,0.98287,0.84925,0.97341,0.94456,0.98287,0.83512,0.59095,0.66876,0.03115,0.35357,0.89565,0.0025746,0.0008582,0.0025746,0.0008582,0.0025746,0.0008582,0.0025746,0.0008582
175,1487.85,0.44707,0.59651,0.179,0.29822,0.86474,0.95512,0.96113,0.98092,0.85333,0.94871,0.95475,0.96776,0.84136,0.59716,0.65838,0.03098,0.34972,0.89562,0.0025548,0.0008516,0.0025548,0.0008516,0.0025548,0.0008516,0.0025548,0.0008516
176,1495.59,0.44505,0.57177,0.18134,0.30018,0.873,0.94036,0.94194,0.97351,0.84387,0.93392,0.93548,0.96,0.81617,0.59112,0.68849,0.03076,0.37041,0.89027,0.002535,0.000845,0.002535,0.000845,0.002535,0.000845,0.002535,0.000845
177,1502.92,0.45061,0.59104,0.18197,0.3118,0.87162,0.96049,0.94111,0.97544,0.84538,0.96049,0.94111,0.97544,0.82694,0.59085,0.67501,0.03224,0.36453,0.89706,0.0025152,0.0008384,0.0025152,0.0008384,0.0025152,0.0008384,0.0025152,0.0008384
178,1510.36,0.44462,0.59052,0.17273,0.29663,0.85911,0.95463,0.95027,0.97459,0.84636,0.95463,0.95027,0.97459,0.84522,0.58882,0.64341,0.02992,0.36402,0.89821,0.0024954,0.0008318,0.0024954,0.0008318,0.0024954,0.0008318,0.0024954,0.0008318
179,1518.67,0.44385,0.5937,0.17391,0.28895,0.85841,0.94891,0.95872,0.97384,0.84943,0.94259,0.95337,0.9606,0.831,0.58202,0.65041,0.03203,0.36625,0.89504,0.0024756,0.0008252,0.0024756,0.0008252,0.0024756,0.0008252,0.0024756,0.0008252
180,1525.84,0.46013,0.61935,0.17655,0.29536,0.86428,0.94855,0.9515,0.97369,0.84858,0.94211,0.94504,0.95911,0.82386,0.58221,0.64658,0.03243,0.36441,0.90184,0.0024558,0.0008186,0.0024558,0.0008186,0.0024558,0.0008186,0.0024558,0.0008186
181,1533.58,0.43588,0.61812,0.17207,0.29004,0.86009,0.96334,0.92903,0.97497,0.84817,0.96334,0.92903,0.97497,0.83727,0.58972,0.66637,0.03138,0.37191,0.90097,0.002436,0.000812,0.002436,0.000812,0.002436,0.000812,0.002436,0.000812
182,1540.83,0.4443,0.63422,0.17015,0.29965,0.86189,0.96433,0.92258,0.96927,0.84879,0.95775,0.92903,0.9723,0.8294,0.57959,0.67861,0.02986,0.37994,0.90214,0.0024162,0.0008054,0.0024162,0.0008054,0.0024162,0.0008054,0.0024162,0.0008054
183,1549.16,0.44944,0.58746,0.17058,0.29452,0.86244,0.94845,0.95484,0.97601,0.85156,0.94845,0.95484,0.97601,0.83846,0.56818,0.63735,0.03017,0.37675,0.89536,0.0023964,0.0007988,0.0023964,0.0007988,0.0023964,0.0007988,0.0023964,0.0007988
184,1557.41,0.44547,0.58302,0.17043,0.30034,0.86551,0.96357,0.94839,0.97368,0.84926,0.96357,0.94839,0.97368,0.8414,0.57639,0.63956,0.0289,0.36791,0.90105,0.0023766,0.0007922,0.0023766,0.0007922,0.0023766,0.0007922,0.0023766,0.0007922
185,1564.44,0.4369,0.59098,0.16982,0.29142,0.85621,0.96684,0.94066,0.9743,0.85225,0.96684,0.94066,0.9743,0.83871,0.5887,0.65928,0.02926,0.37622,0.90984,0.0023568,0.0007856,0.0023568,0.0007856,0.0023568,0.0007856,0.0023568,0.0007856
186,1572.75,0.44052,0.58839,0.17073,0.28908,0.85936,0.93685,0.95706,0.97562,0.85188,0.93053,0.95061,0.9623,0.83161,0.57693,0.66313,0.03017,0.35908,0.90171,0.002337,0.000779,0.002337,0.000779,0.002337,0.000779,0.002337,0.000779
187,1581.52,0.44506,0.61168,0.17766,0.29676,0.86544,0.94901,0.96054,0.9741,0.84225,0.94263,0.95409,0.96057,0.83234,0.58846,0.66932,0.0295,0.36501,0.90366,0.0023172,0.0007724,0.0023172,0.0007724,0.0023172,0.0007724,0.0023172,0.0007724
188,1588.95,0.44655,0.57326,0.17795,0.29638,0.86817,0.96073,0.96774,0.97653,0.83969,0.96073,0.96774,0.97653,0.83742,0.59431,0.67295,0.02912,0.36145,0.90847,0.0022974,0.0007658,0.0022974,0.0007658,0.0022974,0.0007658,0.0022974,0.0007658
189,1596.22,0.45587,0.59139,0.1772,0.29978,0.87433,0.95565,0.9732,0.97702,0.84121,0.95565,0.9732,0.97702,0.83542,0.57617,0.65328,0.02886,0.36093,0.89968,0.0022776,0.0007592,0.0022776,0.0007592,0.0022776,0.0007592,0.0022776,0.0007592
190,1604.92,0.4315,0.58813,0.1825,0.29232,0.86566,0.9614,0.96408,0.97596,0.85006,0.9614,0.96408,0.97596,0.82587,0.58089,0.6704,0.02963,0.35595,0.90099,0.0022578,0.0007526,0.0022578,0.0007526,0.0022578,0.0007526,0.0022578,0.0007526
191,1613.61,0.42787,0.55062,0.16794,0.28768,0.86093,0.93647,0.98065,0.97956,0.85258,0.93031,0.97419,0.96496,0.82346,0.58033,0.65944,0.02951,0.34751,0.90558,0.002238,0.000746,0.002238,0.000746,0.002238,0.000746,0.002238,0.000746
192,1620.3,0.43943,0.5986,0.16311,0.29112,0.86309,0.93129,0.98065,0.9785,0.85488,0.92504,0.97419,0.96471,0.83998,0.57401,0.65293,0.02915,0.3544,0.89713,0.0022182,0.0007394,0.0022182,0.0007394,0.0022182,0.0007394,0.0022182,0.0007394
193,1627.58,0.4407,0.60265,0.171,0.29291,0.86041,0.94201,0.96774,0.97518,0.85554,0.94201,0.96774,0.97518,0.83555,0.57764,0.65565,0.02843,0.36766,0.89659,0.0021984,0.0007328,0.0021984,0.0007328,0.0021984,0.0007328,0.0021984,0.0007328
194,1635.16,0.44605,0.55684,0.17549,0.29499,0.86918,0.93754,0.97419,0.97598,0.85757,0.93125,0.96774,0.96213,0.84203,0.5807,0.65318,0.03001,0.36843,0.90331,0.0021786,0.0007262,0.0021786,0.0007262,0.0021786,0.0007262,0.0021786,0.0007262
195,1644.41,0.42046,0.53528,0.16805,0.28224,0.84902,0.96722,0.95198,0.97691,0.85282,0.96722,0.95198,0.97691,0.84169,0.58527,0.6463,0.02975,0.36796,0.90443,0.0021588,0.0007196,0.0021588,0.0007196,0.0021588,0.0007196,0.0021588,0.0007196
196,1651.18,0.45305,0.59989,0.17866,0.30089,0.8669,0.9425,0.96774,0.9746,0.8473,0.9425,0.96774,0.9746,0.84204,0.58719,0.63524,0.03098,0.36404,0.90355,0.002139,0.000713,0.002139,0.000713,0.002139,0.000713,0.002139,0.000713
197,1659.23,0.43636,0.57887,0.16308,0.28544,0.86208,0.95487,0.96129,0.97467,0.84976,0.95487,0.96129,0.97467,0.83926,0.58272,0.6487,0.02985,0.36284,0.90139,0.0021192,0.0007064,0.0021192,0.0007064,0.0021192,0.0007064,0.0021192,0.0007064
198,1666.26,0.42938,0.56047,0.1693,0.28314,0.86108,0.96229,0.94194,0.97825,0.85834,0.95569,0.93548,0.96351,0.8359,0.5817,0.66633,0.02888,0.36603,0.89863,0.0020994,0.0006998,0.0020994,0.0006998,0.0020994,0.0006998,0.0020994,0.0006998
199,1675.21,0.42372,0.57875,0.16636,0.28684,0.86068,0.97333,0.94165,0.97543,0.8478,0.96666,0.93519,0.95976,0.83266,0.59108,0.65385,0.02872,0.3711,0.90823,0.0020796,0.0006932,0.0020796,0.0006932,0.0020796,0.0006932,0.0020796,0.0006932
200,1682.89,0.42482,0.55652,0.16867,0.28039,0.86289,0.94854,0.95128,0.97578,0.84817,0.9421,0.94483,0.96004,0.83402,0.57858,0.65519,0.02968,0.37444,0.90486,0.0020598,0.0006866,0.0020598,0.0006866,0.0020598,0.0006866,0.0020598,0.0006866
201,1689.91,0.43575,0.61516,0.17205,0.29116,0.86723,0.96345,0.94194,0.97933,0.85981,0.96345,0.94194,0.97933,0.84513,0.56914,0.62366,0.02899,0.36666,0.90098,0.00204,0.00068,0.00204,0.00068,0.00204,0.00068,0.00204,0.00068
202,1698.39,0.43428,0.57838,0.16695,0.29436,0.86322,0.94362,0.97178,0.97563,0.86485,0.94362,0.97178,0.97563,0.85602,0.56229,0.61833,0.02966,0.3544,0.90075,0.0020202,0.0006734,0.0020202,0.0006734,0.0020202,0.0006734,0.0020202,0.0006734
203,1706.6,0.43272,0.5791,0.16854,0.28965,0.86548,0.9444,0.94194,0.97486,0.8547,0.9444,0.94194,0.97486,0.84859,0.56206,0.64132,0.0323,0.35938,0.89607,0.0020004,0.0006668,0.0020004,0.0006668,0.0020004,0.0006668,0.0020004,0.0006668
204,1713.84,0.441,0.54527,0.16311,0.28172,0.86299,0.96655,0.93222,0.97794,0.85908,0.96655,0.93222,0.97794,0.85364,0.56101,0.62145,0.03025,0.36538,0.89981,0.0019806,0.0006602,0.0019806,0.0006602,0.0019806,0.0006602,0.0019806,0.0006602
205,1721.68,0.4469,0.58977,0.16698,0.29735,0.86395,0.93695,0.95867,0.97767,0.85436,0.93695,0.95867,0.97767,0.84671,0.55696,0.62616,0.02947,0.3518,0.89679,0.0019608,0.0006536,0.0019608,0.0006536,0.0019608,0.0006536,0.0019608,0.0006536
206,1728.61,0.42249,0.57702,0.17485,0.28277,0.86456,0.97297,0.92881,0.97719,0.84793,0.97297,0.92881,0.97719,0.84459,0.56251,0.6258,0.02988,0.35742,0.89866,0.001941,0.000647,0.001941,0.000647,0.001941,0.000647,0.001941,0.000647
207,1737.36,0.41098,0.53876,0.16797,0.28359,0.85283,0.93115,0.96774,0.97539,0.84856,0.93115,0.96774,0.97539,0.84743,0.56692,0.62064,0.02966,0.36628,0.90005,0.0019212,0.0006404,0.0019212,0.0006404,0.0019212,0.0006404,0.0019212,0.0006404
208,1745.34,0.43452,0.52976,0.17066,0.28245,0.86065,0.955,0.95484,0.9776,0.85174,0.955,0.95484,0.9776,0.85003,0.57512,0.60269,0.0302,0.36576,0.90439,0.0019014,0.0006338,0.0019014,0.0006338,0.0019014,0.0006338,0.0019014,0.0006338
209,1752.85,0.43644,0.58865,0.16718,0.28304,0.86401,0.96731,0.95444,0.97749,0.85526,0.96077,0.94812,0.96288,0.84966,0.56398,0.61344,0.02949,0.36604,0.89968,0.0018816,0.0006272,0.0018816,0.0006272,0.0018816,0.0006272,0.0018816,0.0006272
210,1760.01,0.41887,0.52273,0.16088,0.27293,0.85604,0.95506,0.9597,0.97674,0.85485,0.95506,0.9597,0.97674,0.8557,0.55815,0.60681,0.02858,0.37228,0.90043,0.0018618,0.0006206,0.0018618,0.0006206,0.0018618,0.0006206,0.0018618,0.0006206
211,1768.38,0.4336,0.57574,0.171,0.28565,0.86205,0.94835,0.95484,0.97674,0.85931,0.9419,0.94839,0.96379,0.85439,0.55303,0.60467,0.02955,0.37432,0.89749,0.001842,0.000614,0.001842,0.000614,0.001842,0.000614,0.001842,0.000614
212,1775.33,0.43431,0.53789,0.16261,0.2918,0.86488,0.94828,0.94631,0.97331,0.85282,0.94181,0.93986,0.96149,0.85159,0.5556,0.61009,0.03022,0.37941,0.89396,0.0018222,0.0006074,0.0018222,0.0006074,0.0018222,0.0006074,0.0018222,0.0006074
213,1782.32,0.43256,0.53104,0.16553,0.29078,0.85811,0.96037,0.93804,0.9759,0.85225,0.96037,0.93804,0.9759,0.85587,0.55301,0.61185,0.02909,0.36444,0.89748,0.0018024,0.0006008,0.0018024,0.0006008,0.0018024,0.0006008,0.0018024,0.0006008
214,1789.92,0.42447,0.56168,0.16187,0.28598,0.85617,0.96116,0.92903,0.97422,0.85097,0.96116,0.92903,0.97422,0.8515,0.56127,0.6208,0.02939,0.37191,0.89834,0.0017826,0.0005942,0.0017826,0.0005942,0.0017826,0.0005942,0.0017826,0.0005942
215,1799.21,0.41967,0.51135,0.1615,0.28687,0.85396,0.96045,0.93997,0.9717,0.85068,0.96045,0.93997,0.9717,0.84316,0.55804,0.61812,0.02964,0.37277,0.90256,0.0017628,0.0005876,0.0017628,0.0005876,0.0017628,0.0005876,0.0017628,0.0005876
216,1806.1,0.42013,0.54908,0.16868,0.2823,0.8538,0.96373,0.94194,0.97256,0.85376,0.96373,0.94194,0.97256,0.84786,0.56081,0.62564,0.03004,0.37425,0.90275,0.001743,0.000581,0.001743,0.000581,0.001743,0.000581,0.001743,0.000581
217,1813.56,0.42628,0.54347,0.15373,0.28023,0.85751,0.95814,0.93548,0.97641,0.8517,0.95814,0.93548,0.97641,0.84906,0.5659,0.6265,0.02902,0.36779,0.90386,0.0017232,0.0005744,0.0017232,0.0005744,0.0017232,0.0005744,0.0017232,0.0005744
218,1821.44,0.41975,0.52445,0.16249,0.27877,0.85782,0.95227,0.94839,0.97611,0.8595,0.95227,0.94839,0.97611,0.8532,0.55976,0.61634,0.02853,0.37255,0.90056,0.0017034,0.0005678,0.0017034,0.0005678,0.0017034,0.0005678,0.0017034,0.0005678
219,1830.2,0.43321,0.51036,0.16216,0.2826,0.86311,0.95868,0.94839,0.97766,0.8619,0.95868,0.94839,0.97766,0.85792,0.55469,0.6174,0.02888,0.37258,0.8991,0.0016836,0.0005612,0.0016836,0.0005612,0.0016836,0.0005612,0.0016836,0.0005612
220,1837.39,0.42312,0.52516,0.17124,0.28364,0.86387,0.9536,0.94839,0.9783,0.86203,0.9536,0.94839,0.9783,0.8631,0.55884,0.61549,0.02845,0.37477,0.90185,0.0016638,0.0005546,0.0016638,0.0005546,0.0016638,0.0005546,0.0016638,0.0005546
221,1844.32,0.41545,0.51049,0.16804,0.27493,0.85727,0.96051,0.94163,0.97551,0.86009,0.96051,0.94163,0.97551,0.8492,0.5501,0.60983,0.02893,0.36778,0.89608,0.001644,0.000548,0.001644,0.000548,0.001644,0.000548,0.001644,0.000548
222,1850.96,0.41657,0.57186,0.16962,0.28032,0.85902,0.95976,0.93548,0.97124,0.85253,0.96048,0.94083,0.97541,0.8483,0.56216,0.6193,0.03065,0.36477,0.90206,0.0016242,0.0005414,0.0016242,0.0005414,0.0016242,0.0005414,0.0016242,0.0005414
223,1859.94,0.40548,0.50588,0.1503,0.27251,0.85464,0.96678,0.93889,0.97335,0.85657,0.96678,0.93889,0.97335,0.84552,0.56831,0.62585,0.0292,0.36077,0.90642,0.0016044,0.0005348,0.0016044,0.0005348,0.0016044,0.0005348,0.0016044,0.0005348
224,1866.93,0.41398,0.52081,0.15323,0.28058,0.8505,0.96203,0.94839,0.97166,0.85468,0.96203,0.94839,0.97166,0.8508,0.55903,0.61813,0.02866,0.37264,0.90323,0.0015846,0.0005282,0.0015846,0.0005282,0.0015846,0.0005282,0.0015846,0.0005282
225,1873.87,0.41467,0.5174,0.161,0.27455,0.85385,0.9667,0.94194,0.97171,0.84845,0.9667,0.94194,0.97171,0.84699,0.5581,0.60939,0.02808,0.36523,0.90416,0.0015648,0.0005216,0.0015648,0.0005216,0.0015648,0.0005216,0.0015648,0.0005216
226,1882.06,0.42751,0.54711,0.16733,0.28997,0.85911,0.95717,0.94839,0.97363,0.85438,0.95717,0.94839,0.97363,0.85398,0.56153,0.61958,0.02852,0.3822,0.90344,0.001545,0.000515,0.001545,0.000515,0.001545,0.000515,0.001545,0.000515
227,1891.39,0.42133,0.52215,0.16366,0.27748,0.85715,0.96076,0.94772,0.97427,0.85382,0.96076,0.94772,0.97427,0.84957,0.56393,0.62424,0.0284,0.37335,0.90229,0.0015252,0.0005084,0.0015252,0.0005084,0.0015252,0.0005084,0.0015252,0.0005084
228,1897.88,0.40077,0.50713,0.15766,0.27354,0.84689,0.95411,0.93891,0.96997,0.85101,0.96066,0.94536,0.97454,0.84915,0.56843,0.62169,0.02791,0.37228,0.90522,0.0015054,0.0005018,0.0015054,0.0005018,0.0015054,0.0005018,0.0015054,0.0005018
229,1905.87,0.4045,0.53241,0.15856,0.27185,0.8556,0.96097,0.9532,0.97517,0.85849,0.96097,0.9532,0.97517,0.85316,0.55888,0.62311,0.02806,0.37141,0.90098,0.0014856,0.0004952,0.0014856,0.0004952,0.0014856,0.0004952,0.0014856,0.0004952
230,1913.72,0.41206,0.54609,0.15641,0.27723,0.85665,0.96092,0.95177,0.97663,0.86354,0.96092,0.95177,0.97663,0.85328,0.55616,0.61162,0.02801,0.36072,0.89461,0.0014658,0.0004886,0.0014658,0.0004886,0.0014658,0.0004886,0.0014658,0.0004886
231,1922.03,0.41056,0.53716,0.15485,0.28214,0.85693,0.96518,0.94839,0.97589,0.86037,0.96518,0.94839,0.97589,0.85508,0.5547,0.60069,0.02653,0.36594,0.89888,0.001446,0.000482,0.001446,0.000482,0.001446,0.000482,0.001446,0.000482
232,1929.4,0.40362,0.52463,0.15808,0.27271,0.8471,0.96567,0.94839,0.97442,0.85378,0.96567,0.94839,0.97442,0.84506,0.55099,0.60426,0.02745,0.35333,0.8977,0.0014262,0.0004754,0.0014262,0.0004754,0.0014262,0.0004754,0.0014262,0.0004754
233,1936.67,0.4231,0.51619,0.16503,0.27992,0.85906,0.96375,0.93548,0.97654,0.85408,0.96375,0.93548,0.97654,0.85291,0.54977,0.60772,0.02892,0.35432,0.89415,0.0014064,0.0004688,0.0014064,0.0004688,0.0014064,0.0004688,0.0014064,0.0004688
234,1944.03,0.4155,0.52697,0.1551,0.2703,0.85835,0.96374,0.92903,0.9755,0.85572,0.96374,0.92903,0.9755,0.85316,0.54922,0.61095,0.02879,0.35117,0.89519,0.0013866,0.0004622,0.0013866,0.0004622,0.0013866,0.0004622,0.0013866,0.0004622
235,1953.01,0.41058,0.49536,0.16133,0.26877,0.85755,0.9666,0.9336,0.97661,0.85976,0.9666,0.9336,0.97661,0.8577,0.55286,0.60881,0.02825,0.35872,0.90104,0.0013668,0.0004556,0.0013668,0.0004556,0.0013668,0.0004556,0.0013668,0.0004556
236,1960.5,0.41685,0.53271,0.15424,0.27666,0.85631,0.93478,0.96774,0.97943,0.8614,0.93478,0.96774,0.97943,0.85775,0.55911,0.61684,0.02739,0.34856,0.90351,0.001347,0.000449,0.001347,0.000449,0.001347,0.000449,0.001347,0.000449
237,1968.14,0.38362,0.48525,0.15763,0.26135,0.84445,0.96108,0.95598,0.98026,0.86109,0.96108,0.95598,0.98026,0.86314,0.55731,0.61099,0.02791,0.35081,0.90133,0.0013272,0.0004424,0.0013272,0.0004424,0.0013272,0.0004424,0.0013272,0.0004424
238,1976.2,0.40221,0.50772,0.17218,0.2665,0.85762,0.96496,0.94194,0.97904,0.86091,0.96496,0.94194,0.97904,0.85622,0.56088,0.62228,0.02711,0.35139,0.90335,0.0013074,0.0004358,0.0013074,0.0004358,0.0013074,0.0004358,0.0013074,0.0004358
239,1984.26,0.40208,0.46794,0.16078,0.2719,0.85705,0.94209,0.94458,0.97547,0.86014,0.94852,0.95103,0.97894,0.85522,0.55717,0.61573,0.0267,0.35639,0.90275,0.0012876,0.0004292,0.0012876,0.0004292,0.0012876,0.0004292,0.0012876,0.0004292
240,1990.96,0.41198,0.51989,0.16074,0.26988,0.862,0.94971,0.94194,0.97487,0.85553,0.95667,0.94839,0.97863,0.857,0.55426,0.60418,0.02733,0.36355,0.90237,0.0012678,0.0004226,0.0012678,0.0004226,0.0012678,0.0004226,0.0012678,0.0004226
241,1997.78,0.41366,0.51136,0.15543,0.26925,0.85597,0.96029,0.93607,0.97172,0.86383,0.96691,0.94252,0.97546,0.86146,0.55356,0.59401,0.0279,0.35677,0.90456,0.001248,0.000416,0.001248,0.000416,0.001248,0.000416,0.001248,0.000416
242,2005.97,0.41408,0.47824,0.15538,0.27389,0.85933,0.96689,0.94189,0.97815,0.85984,0.96689,0.94189,0.97815,0.86337,0.55695,0.59725,0.02695,0.35539,0.90855,0.0012282,0.0004094,0.0012282,0.0004094,0.0012282,0.0004094,0.0012282,0.0004094
243,2015.03,0.4098,0.4903,0.15792,0.26972,0.86226,0.96342,0.94194,0.97716,0.85964,0.96342,0.94194,0.97716,0.86452,0.55093,0.60541,0.02633,0.35578,0.90603,0.0012084,0.0004028,0.0012084,0.0004028,0.0012084,0.0004028,0.0012084,0.0004028
244,2022.24,0.40175,0.4872,0.15747,0.26881,0.85443,0.96031,0.94839,0.97554,0.85694,0.96031,0.94839,0.97554,0.85359,0.5493,0.62266,0.0271,0.35413,0.90077,0.0011886,0.0003962,0.0011886,0.0003962,0.0011886,0.0003962,0.0011886,0.0003962
245,2029.85,0.39307,0.47993,0.14998,0.26809,0.84514,0.95808,0.94839,0.97664,0.86068,0.95808,0.94839,0.97664,0.85536,0.54999,0.61711,0.02683,0.34996,0.90056,0.0011688,0.0003896,0.0011688,0.0003896,0.0011688,0.0003896,0.0011688,0.0003896
246,2037.5,0.40188,0.48171,0.15346,0.26864,0.85032,0.96709,0.94789,0.97745,0.85724,0.96709,0.94789,0.97745,0.8512,0.55542,0.62417,0.02701,0.35191,0.90047,0.001149,0.000383,0.001149,0.000383,0.001149,0.000383,0.001149,0.000383
247,2046.99,0.41031,0.49408,0.15818,0.26897,0.85407,0.96421,0.94839,0.97869,0.86183,0.96421,0.94839,0.97869,0.85473,0.5513,0.62949,0.02756,0.35089,0.89875,0.0011292,0.0003764,0.0011292,0.0003764,0.0011292,0.0003764,0.0011292,0.0003764
248,2053.81,0.40043,0.49198,0.16421,0.26552,0.85673,0.96455,0.94194,0.97719,0.85617,0.96455,0.94194,0.97719,0.85754,0.54772,0.61539,0.0275,0.34763,0.90046,0.0011094,0.0003698,0.0011094,0.0003698,0.0011094,0.0003698,0.0011094,0.0003698
249,2062.33,0.39152,0.49046,0.15831,0.26015,0.85247,0.96048,0.94081,0.97682,0.85897,0.96048,0.94081,0.97682,0.85739,0.5483,0.61893,0.0276,0.3548,0.89859,0.0010896,0.0003632,0.0010896,0.0003632,0.0010896,0.0003632,0.0010896,0.0003632
250,2069.18,0.39183,0.47528,0.16159,0.26061,0.85581,0.96074,0.9473,0.97846,0.86362,0.96074,0.9473,0.97846,0.86056,0.54335,0.61527,0.02772,0.35636,0.89779,0.0010698,0.0003566,0.0010698,0.0003566,0.0010698,0.0003566,0.0010698,0.0003566
251,2077.95,0.4036,0.49305,0.15834,0.27021,0.85514,0.96669,0.93621,0.97957,0.86673,0.96669,0.93621,0.97957,0.85881,0.54178,0.60714,0.02751,0.34349,0.89886,0.00105,0.00035,0.00105,0.00035,0.00105,0.00035,0.00105,0.00035
252,2085.84,0.40117,0.52888,0.15733,0.27037,0.84917,0.96677,0.93842,0.97769,0.86374,0.96677,0.93842,0.97769,0.85869,0.53965,0.60892,0.02778,0.34755,0.89597,0.0010302,0.0003434,0.0010302,0.0003434,0.0010302,0.0003434,0.0010302,0.0003434
253,2093.27,0.41719,0.49102,0.15925,0.27477,0.86373,0.96523,0.94194,0.97824,0.86012,0.96523,0.94194,0.97824,0.8515,0.54912,0.61803,0.02729,0.35192,0.90244,0.0010104,0.0003368,0.0010104,0.0003368,0.0010104,0.0003368,0.0010104,0.0003368
254,2101.64,0.39423,0.49358,0.15138,0.26479,0.85115,0.96702,0.94588,0.97857,0.85904,0.96702,0.94588,0.97857,0.85031,0.55074,0.61613,0.02661,0.3544,0.90536,0.0009906,0.0003302,0.0009906,0.0003302,0.0009906,0.0003302,0.0009906,0.0003302
255,2109.84,0.39365,0.48631,0.15203,0.25359,0.84668,0.96053,0.94207,0.97922,0.85604,0.96053,0.94207,0.97922,0.84575,0.54602,0.61883,0.02675,0.35369,0.90263,0.0009708,0.0003236,0.0009708,0.0003236,0.0009708,0.0003236,0.0009708,0.0003236
256,2118.05,0.39489,0.48121,0.15625,0.26866,0.84729,0.95482,0.95435,0.97835,0.86163,0.95482,0.95435,0.97835,0.84993,0.5398,0.62381,0.02755,0.35005,0.89792,0.000951,0.000317,0.000951,0.000317,0.000951,0.000317,0.000951,0.000317
257,2125.08,0.39365,0.47062,0.15089,0.25964,0.85483,0.96208,0.94194,0.97795,0.86132,0.96208,0.94194,0.97795,0.85025,0.53579,0.61761,0.02737,0.35082,0.89958,0.0009312,0.0003104,0.0009312,0.0003104,0.0009312,0.0003104,0.0009312,0.0003104
258,2132.28,0.38133,0.48297,0.15409,0.25785,0.84488,0.96413,0.94194,0.9776,0.86054,0.96413,0.94194,0.9776,0.85449,0.54033,0.61305,0.02755,0.35421,0.90178,0.0009114,0.0003038,0.0009114,0.0003038,0.0009114,0.0003038,0.0009114,0.0003038
259,2141.5,0.40139,0.52853,0.1626,0.26285,0.85971,0.9653,0.94194,0.97823,0.8619,0.9653,0.94194,0.97823,0.85111,0.54037,0.61339,0.02676,0.3501,0.90171,0.0008916,0.0002972,0.0008916,0.0002972,0.0008916,0.0002972,0.0008916,0.0002972
260,2149.14,0.39334,0.46456,0.14973,0.25639,0.85036,0.95438,0.94194,0.97683,0.86302,0.95438,0.94194,0.97683,0.85699,0.5408,0.61107,0.02696,0.35549,0.90135,0.0008718,0.0002906,0.0008718,0.0002906,0.0008718,0.0002906,0.0008718,0.0002906
261,2156.5,0.40041,0.53286,0.14863,0.26211,0.85576,0.96663,0.93433,0.97688,0.86099,0.96663,0.93433,0.97688,0.85425,0.54585,0.60988,0.0264,0.36095,0.9054,0.000852,0.000284,0.000852,0.000284,0.000852,0.000284,0.000852,0.000284
262,2164.33,0.38174,0.46175,0.14929,0.25943,0.84801,0.95951,0.92903,0.97436,0.85787,0.9663,0.93548,0.9787,0.84869,0.54521,0.60793,0.02573,0.35163,0.90819,0.0008322,0.0002774,0.0008322,0.0002774,0.0008322,0.0002774,0.0008322,0.0002774
263,2171.88,0.3838,0.50923,0.15493,0.26503,0.85152,0.96683,0.9402,0.97881,0.85951,0.96683,0.9402,0.97881,0.85004,0.54329,0.61171,0.0262,0.34794,0.90565,0.0008124,0.0002708,0.0008124,0.0002708,0.0008124,0.0002708,0.0008124,0.0002708
264,2179.02,0.38433,0.45503,0.15613,0.25431,0.84906,0.966,0.94194,0.97753,0.86457,0.966,0.94194,0.97753,0.85146,0.53828,0.61505,0.02618,0.34644,0.90198,0.0007926,0.0002642,0.0007926,0.0002642,0.0007926,0.0002642,0.0007926,0.0002642
265,2186.56,0.38947,0.47935,0.14896,0.25276,0.84741,0.96674,0.9376,0.97737,0.86227,0.96674,0.9376,0.97737,0.85226,0.54108,0.61659,0.02624,0.34961,0.90337,0.0007728,0.0002576,0.0007728,0.0002576,0.0007728,0.0002576,0.0007728,0.0002576
266,2194.66,0.39183,0.45989,0.15731,0.26352,0.85241,0.96038,0.92903,0.97685,0.86218,0.96038,0.92903,0.97685,0.85283,0.54177,0.60974,0.02658,0.3484,0.90356,0.000753,0.000251,0.000753,0.000251,0.000753,0.000251,0.000753,0.000251
267,2202.55,0.38472,0.48036,0.15538,0.25737,0.84851,0.96003,0.94194,0.97614,0.85935,0.96003,0.94194,0.97614,0.85424,0.5428,0.60868,0.02687,0.35238,0.90261,0.0007332,0.0002444,0.0007332,0.0002444,0.0007332,0.0002444,0.0007332,0.0002444
268,2210.95,0.39481,0.51796,0.15289,0.26609,0.84797,0.96151,0.94194,0.97731,0.86428,0.96151,0.94194,0.97731,0.85716,0.54022,0.60356,0.02599,0.34686,0.90162,0.0007134,0.0002378,0.0007134,0.0002378,0.0007134,0.0002378,0.0007134,0.0002378
269,2217.65,0.40519,0.50004,0.16243,0.2675,0.85876,0.96677,0.93858,0.97701,0.86015,0.96677,0.93858,0.97701,0.85265,0.54252,0.60908,0.02607,0.34318,0.9025,0.0006936,0.0002312,0.0006936,0.0002312,0.0006936,0.0002312,0.0006936,0.0002312
270,2224.49,0.38357,0.44838,0.147,0.25698,0.84339,0.96676,0.93811,0.97638,0.86097,0.96676,0.93811,0.97638,0.85645,0.54038,0.60113,0.02601,0.34515,0.9022,0.0006738,0.0002246,0.0006738,0.0002246,0.0006738,0.0002246,0.0006738,0.0002246
271,2233.37,0.38754,0.45483,0.15438,0.25529,0.84562,0.96361,0.93548,0.97594,0.86118,0.96361,0.93548,0.97594,0.85638,0.5381,0.60323,0.02628,0.34712,0.89971,0.000654,0.000218,0.000654,0.000218,0.000654,0.000218,0.000654,0.000218
272,2240.76,0.39297,0.46275,0.15518,0.25752,0.84933,0.96459,0.93548,0.97575,0.86196,0.96459,0.93548,0.97575,0.85144,0.53937,0.60427,0.02637,0.34346,0.8997,0.0006342,0.0002114,0.0006342,0.0002114,0.0006342,0.0002114,0.0006342,0.0002114
273,2248.2,0.38959,0.46907,0.1514,0.25757,0.85007,0.96059,0.92903,0.9769,0.85925,0.96059,0.92903,0.9769,0.84999,0.54173,0.61752,0.0266,0.34689,0.89867,0.0006144,0.0002048,0.0006144,0.0002048,0.0006144,0.0002048,0.0006144,0.0002048
274,2256.23,0.39233,0.48944,0.15537,0.26138,0.851,0.9604,0.93891,0.97765,0.86064,0.9604,0.93891,0.97765,0.85651,0.54356,0.61322,0.02651,0.35339,0.89873,0.0005946,0.0001982,0.0005946,0.0001982,0.0005946,0.0001982,0.0005946,0.0001982
275,2264.57,0.39228,0.44485,0.15587,0.26343,0.85695,0.95753,0.94194,0.97753,0.86372,0.95753,0.94194,0.97753,0.8602,0.54048,0.6043,0.02627,0.35056,0.9001,0.0005748,0.0001916,0.0005748,0.0001916,0.0005748,0.0001916,0.0005748,0.0001916
276,2271.85,0.38697,0.48082,0.14723,0.2572,0.84987,0.96034,0.93548,0.97788,0.86075,0.96034,0.93548,0.97788,0.86128,0.54257,0.60165,0.02639,0.35211,0.89813,0.000555,0.000185,0.000555,0.000185,0.000555,0.000185,0.000555,0.000185
277,2279.3,0.37976,0.45709,0.14264,0.25023,0.84482,0.96686,0.94124,0.97784,0.86317,0.96686,0.94124,0.97784,0.86202,0.53916,0.60187,0.02564,0.34952,0.8985,0.0005352,0.0001784,0.0005352,0.0001784,0.0005352,0.0001784,0.0005352,0.0001784
278,2287.61,0.37845,0.4615,0.15787,0.25597,0.84157,0.96613,0.94194,0.97821,0.86202,0.96613,0.94194,0.97821,0.86269,0.54166,0.59781,0.02548,0.34633,0.89978,0.0005154,0.0001718,0.0005154,0.0001718,0.0005154,0.0001718,0.0005154,0.0001718
279,2296.42,0.37607,0.46461,0.15285,0.25355,0.85103,0.96128,0.93548,0.97813,0.86007,0.96128,0.93548,0.97813,0.86186,0.54226,0.60205,0.0256,0.34639,0.90116,0.0004956,0.0001652,0.0004956,0.0001652,0.0004956,0.0001652,0.0004956,0.0001652
280,2303.51,0.3808,0.47872,0.15608,0.25512,0.8525,0.95773,0.93548,0.97843,0.86279,0.95773,0.93548,0.97843,0.86464,0.54118,0.60068,0.02589,0.34636,0.90199,0.0004758,0.0001586,0.0004758,0.0001586,0.0004758,0.0001586,0.0004758,0.0001586
281,2311.54,0.37364,0.46808,0.15216,0.2536,0.84663,0.96002,0.93548,0.97815,0.86587,0.96002,0.93548,0.97815,0.86438,0.53907,0.60841,0.02623,0.35295,0.90213,0.000456,0.000152,0.000456,0.000152,0.000456,0.000152,0.000456,0.000152
282,2318.93,0.37552,0.43634,0.15105,0.25263,0.85441,0.96021,0.93415,0.97836,0.86446,0.96021,0.93415,0.97836,0.86516,0.53957,0.59791,0.0261,0.35395,0.90208,0.0004362,0.0001454,0.0004362,0.0001454,0.0004362,0.0001454,0.0004362,0.0001454
283,2327.73,0.38216,0.48731,0.15314,0.25476,0.84004,0.95944,0.92903,0.9785,0.8658,0.95944,0.92903,0.9785,0.86753,0.53718,0.59275,0.02615,0.3512,0.90207,0.0004164,0.0001388,0.0004164,0.0001388,0.0004164,0.0001388,0.0004164,0.0001388
284,2334.62,0.38013,0.45132,0.14533,0.25344,0.85005,0.95026,0.93548,0.97866,0.86715,0.95026,0.93548,0.97866,0.86395,0.53906,0.59213,0.02633,0.35179,0.90012,0.0003966,0.0001322,0.0003966,0.0001322,0.0003966,0.0001322,0.0003966,0.0001322
285,2342.16,0.39828,0.47719,0.1655,0.25898,0.85586,0.9491,0.94839,0.97844,0.86829,0.9491,0.94839,0.97844,0.86582,0.53697,0.59771,0.02653,0.34884,0.89785,0.0003768,0.0001256,0.0003768,0.0001256,0.0003768,0.0001256,0.0003768,0.0001256
286,2349.01,0.38572,0.45116,0.15002,0.25375,0.8615,0.95405,0.93763,0.97778,0.866,0.95405,0.93763,0.97778,0.86264,0.53568,0.59586,0.02654,0.34651,0.89841,0.000357,0.000119,0.000357,0.000119,0.000357,0.000119,0.000357,0.000119
287,2357.96,0.39191,0.45723,0.14929,0.25901,0.85044,0.95837,0.93548,0.97762,0.8602,0.95837,0.93548,0.97762,0.86394,0.53692,0.59634,0.02637,0.34744,0.8986,0.0003372,0.0001124,0.0003372,0.0001124,0.0003372,0.0001124,0.0003372,0.0001124
288,2364.62,0.38789,0.486,0.1499,0.2584,0.85021,0.96017,0.9332,0.97829,0.86223,0.96017,0.9332,0.97829,0.8631,0.53738,0.5966,0.0262,0.34604,0.89842,0.0003174,0.0001058,0.0003174,0.0001058,0.0003174,0.0001058,0.0003174,0.0001058
289,2371.73,0.38335,0.44972,0.1519,0.25531,0.85182,0.96118,0.93548,0.97751,0.86454,0.96118,0.93548,0.97751,0.86066,0.53298,0.60015,0.0261,0.34938,0.89704,0.0002976,9.92e-05,0.0002976,9.92e-05,0.0002976,9.92e-05,0.0002976,9.92e-05
290,2381.24,0.38124,0.49371,0.14833,0.25637,0.85121,0.96045,0.94014,0.97763,0.86011,0.96045,0.94014,0.97763,0.8612,0.53601,0.60168,0.02617,0.34881,0.89781,0.0002778,9.26e-05,0.0002778,9.26e-05,0.0002778,9.26e-05,0.0002778,9.26e-05
291,2414.7,0.28642,0.27533,0.04334,0.20805,0.7825,0.96675,0.94194,0.97746,0.85278,0.96675,0.94194,0.97746,0.85548,0.54653,0.60809,0.02619,0.34667,0.90401,0.000258,8.6e-05,0.000258,8.6e-05,0.000258,8.6e-05,0.000258,8.6e-05
292,2423.13,0.27643,0.25447,0.04299,0.19672,0.77565,0.96064,0.90968,0.9715,0.85372,0.96686,0.91613,0.97511,0.8477,0.55336,0.62207,0.02604,0.34923,0.90793,0.0002382,7.94e-05,0.0002382,7.94e-05,0.0002382,7.94e-05,0.0002382,7.94e-05
293,2430.59,0.2715,0.2592,0.03975,0.19628,0.7817,0.96156,0.90968,0.97112,0.85156,0.96783,0.91613,0.97465,0.84541,0.56118,0.62606,0.0256,0.35208,0.9109,0.0002184,7.28e-05,0.0002184,7.28e-05,0.0002184,7.28e-05,0.0002184,7.28e-05
294,2437.81,0.26929,0.24911,0.04084,0.19489,0.78083,0.94104,0.92683,0.97134,0.8504,0.9476,0.93328,0.97449,0.84146,0.55948,0.62821,0.02504,0.35055,0.90894,0.0001986,6.62e-05,0.0001986,6.62e-05,0.0001986,6.62e-05,0.0001986,6.62e-05
295,2446.5,0.26405,0.25218,0.04219,0.19073,0.7715,0.94166,0.93726,0.97218,0.85041,0.94814,0.94371,0.97469,0.84163,0.55731,0.62535,0.02468,0.35367,0.90707,0.0001788,5.96e-05,0.0001788,5.96e-05,0.0001788,5.96e-05,0.0001788,5.96e-05
296,2454.95,0.26914,0.25484,0.04343,0.1875,0.78299,0.94202,0.9434,0.97232,0.84974,0.94846,0.94985,0.97488,0.84224,0.55861,0.6255,0.0244,0.35355,0.90891,0.000159,5.3e-05,0.000159,5.3e-05,0.000159,5.3e-05,0.000159,5.3e-05
297,2462.99,0.26191,0.24174,0.04421,0.18604,0.77531,0.94212,0.94514,0.97277,0.85147,0.94855,0.9516,0.97534,0.84171,0.55737,0.62219,0.02418,0.35251,0.90823,0.0001392,4.64e-05,0.0001392,4.64e-05,0.0001392,4.64e-05,0.0001392,4.64e-05
298,2470.08,0.25829,0.24848,0.04014,0.18655,0.7673,0.94452,0.94194,0.97292,0.85315,0.95116,0.94839,0.97589,0.84341,0.55484,0.62298,0.02406,0.34657,0.90694,0.0001194,3.98e-05,0.0001194,3.98e-05,0.0001194,3.98e-05,0.0001194,3.98e-05
299,2478.73,0.26916,0.26531,0.0408,0.18807,0.77521,0.9455,0.94194,0.97309,0.85268,0.95198,0.94839,0.97621,0.84768,0.55535,0.62272,0.02383,0.3452,0.90757,9.96e-05,3.32e-05,9.96e-05,3.32e-05,9.96e-05,3.32e-05,9.96e-05,3.32e-05
300,2485.69,0.26655,0.24553,0.03731,0.18735,0.77485,0.94571,0.94194,0.97303,0.85663,0.95219,0.94839,0.97618,0.85015,0.55005,0.61803,0.02374,0.3433,0.90584,7.98e-05,2.66e-05,7.98e-05,2.66e-05,7.98e-05,2.66e-05,7.98e-05,2.66e-05
